-- phpMyAdmin SQL Dump
-- version 5.1.1
-- https://www.phpmyadmin.net/
--
-- Host: 127.0.0.1
-- Generation Time: Dec 23, 2022 at 03:37 AM
-- Server version: 10.4.22-MariaDB
-- PHP Version: 8.1.2

SET SQL_MODE = "NO_AUTO_VALUE_ON_ZERO";
START TRANSACTION;
SET time_zone = "+00:00";


/*!40101 SET @OLD_CHARACTER_SET_CLIENT=@@CHARACTER_SET_CLIENT */;
/*!40101 SET @OLD_CHARACTER_SET_RESULTS=@@CHARACTER_SET_RESULTS */;
/*!40101 SET @OLD_COLLATION_CONNECTION=@@COLLATION_CONNECTION */;
/*!40101 SET NAMES utf8mb4 */;

--
-- Database: `newhorizon`
--

-- --------------------------------------------------------

--
-- Table structure for table `auth_activation_attempts`
--

CREATE TABLE `auth_activation_attempts` (
  `id` int(11) UNSIGNED NOT NULL,
  `ip_address` varchar(255) NOT NULL,
  `user_agent` varchar(255) NOT NULL,
  `token` varchar(255) DEFAULT NULL,
  `created_at` datetime NOT NULL
) ENGINE=InnoDB DEFAULT CHARSET=utf8;

-- --------------------------------------------------------

--
-- Table structure for table `auth_groups`
--

CREATE TABLE `auth_groups` (
  `id` int(11) UNSIGNED NOT NULL,
  `name` varchar(255) NOT NULL,
  `description` varchar(255) NOT NULL
) ENGINE=InnoDB DEFAULT CHARSET=utf8;

--
-- Dumping data for table `auth_groups`
--

INSERT INTO `auth_groups` (`id`, `name`, `description`) VALUES
(1, 'admin', 'Site Administrator'),
(2, 'user', 'Regular User');

-- --------------------------------------------------------

--
-- Table structure for table `auth_groups_permissions`
--

CREATE TABLE `auth_groups_permissions` (
  `group_id` int(11) UNSIGNED NOT NULL DEFAULT 0,
  `permission_id` int(11) UNSIGNED NOT NULL DEFAULT 0
) ENGINE=InnoDB DEFAULT CHARSET=utf8;

-- --------------------------------------------------------

--
-- Table structure for table `auth_groups_users`
--

CREATE TABLE `auth_groups_users` (
  `group_id` int(11) UNSIGNED NOT NULL DEFAULT 0,
  `user_id` int(11) UNSIGNED NOT NULL DEFAULT 0
) ENGINE=InnoDB DEFAULT CHARSET=utf8;

--
-- Dumping data for table `auth_groups_users`
--

INSERT INTO `auth_groups_users` (`group_id`, `user_id`) VALUES
(1, 4),
(2, 10101),
(2, 10102),
(2, 10103),
(2, 10104),
(2, 10105),
(2, 10106),
(2, 10107),
(2, 10108),
(2, 10109),
(2, 10110),
(2, 10111),
(2, 10112),
(2, 10113),
(2, 10114),
(2, 10114),
(2, 10115),
(2, 10116),
(2, 10117),
(2, 10118),
(2, 10119),
(2, 10120),
(2, 10121),
(2, 10122),
(2, 10123),
(2, 10124),
(2, 10124),
(2, 10125),
(2, 10126),
(2, 10127),
(2, 10128),
(2, 10129),
(2, 10130),
(2, 10131),
(2, 10132),
(2, 10133),
(2, 10134),
(2, 10135),
(2, 10136),
(2, 10137),
(2, 10138),
(2, 10139),
(2, 10140),
(2, 10141),
(2, 10142),
(2, 10143),
(2, 10144),
(2, 10145),
(2, 10146),
(2, 10147),
(2, 10148),
(2, 10149),
(2, 10150),
(2, 10151),
(2, 10152),
(2, 10153),
(2, 10154),
(2, 10155),
(2, 10156),
(2, 10157),
(2, 10158),
(2, 10159),
(2, 10160),
(2, 10161),
(2, 10162),
(2, 10175),
(2, 10176),
(2, 10177),
(2, 10178),
(2, 10179),
(2, 10180),
(2, 10181),
(2, 10182),
(2, 10183),
(2, 10184),
(2, 10185),
(2, 10186),
(2, 10187),
(2, 10188),
(2, 10189),
(2, 10190),
(2, 10191),
(2, 10192),
(2, 10193),
(2, 10194),
(2, 10195),
(2, 10196),
(2, 10197),
(2, 10198),
(2, 10199),
(2, 10200),
(2, 10201),
(2, 10202),
(2, 10203),
(2, 10204),
(2, 10205),
(2, 10206),
(2, 10207),
(2, 10208),
(2, 10209),
(2, 10210),
(2, 10211),
(2, 10212),
(2, 10213),
(2, 10214),
(2, 10215),
(2, 10216),
(2, 10217),
(2, 10218),
(2, 10219),
(2, 10220),
(2, 10221),
(2, 10222),
(2, 10223),
(2, 10224),
(2, 10225),
(2, 10226),
(2, 10227),
(2, 10228),
(2, 10229),
(2, 10230),
(2, 10231),
(2, 10232),
(2, 10233),
(2, 10234),
(2, 10235),
(2, 10236),
(2, 10237),
(2, 10238),
(2, 10239),
(2, 10240),
(2, 10241),
(2, 10242),
(2, 10243),
(2, 10244),
(2, 10245),
(2, 10246),
(2, 10247),
(2, 10248),
(2, 10249),
(2, 10250),
(2, 10251),
(2, 10252),
(2, 10253),
(2, 10254),
(2, 10255),
(2, 10256),
(2, 10257),
(2, 10258),
(2, 10259),
(2, 10260),
(2, 10261),
(2, 10262),
(2, 10263),
(2, 10264),
(2, 10265),
(2, 10266),
(2, 10267),
(2, 10268),
(2, 10269),
(2, 10270),
(2, 10271),
(2, 10272),
(2, 10273),
(2, 10274),
(2, 10275),
(2, 10276),
(2, 10277),
(2, 10278),
(2, 10279),
(2, 10280),
(2, 10281),
(2, 10282),
(2, 10283),
(2, 10284),
(2, 10285),
(2, 10286),
(2, 10287),
(2, 10288),
(2, 10289),
(2, 10290),
(2, 10291),
(2, 10292),
(2, 10293),
(2, 10294),
(2, 10295),
(2, 10296),
(2, 10297),
(2, 10298),
(2, 10299),
(2, 10300),
(2, 10301),
(2, 10302),
(2, 10303),
(2, 10304),
(2, 10305),
(2, 10306),
(2, 10307),
(2, 10308),
(2, 10309);

-- --------------------------------------------------------

--
-- Table structure for table `auth_logins`
--

CREATE TABLE `auth_logins` (
  `id` int(11) UNSIGNED NOT NULL,
  `ip_address` varchar(255) DEFAULT NULL,
  `email` varchar(255) DEFAULT NULL,
  `user_id` int(11) UNSIGNED DEFAULT NULL,
  `date` datetime NOT NULL,
  `success` tinyint(1) NOT NULL
) ENGINE=InnoDB DEFAULT CHARSET=utf8;

--
-- Dumping data for table `auth_logins`
--

INSERT INTO `auth_logins` (`id`, `ip_address`, `email`, `user_id`, `date`, `success`) VALUES
(1, '::1', 'admin@gmail.com', 4, '2022-12-14 09:15:20', 1),
(2, '::1', 'admin@gmail.com', 4, '2022-12-14 18:56:49', 1),
(3, '::1', 'admin@gmail.com', 4, '2022-12-14 19:05:32', 1),
(4, '::1', 'user1@example.com', 10101, '2022-12-14 19:06:52', 1),
(5, '::1', 'yanuarmufid@gmail.com', 3, '2022-12-14 19:07:55', 1),
(6, '::1', 'user1@example.com', 10101, '2022-12-14 21:27:57', 1),
(7, '::1', 'admin@gmail.com', 4, '2022-12-14 21:36:39', 1),
(8, '::1', 'yanuarmufid@gmail.com', 3, '2022-12-14 21:41:41', 1),
(9, '::1', 'retnoekayanti15@gmail.com', 2, '2022-12-14 21:42:18', 1),
(10, '::1', 'retnoekayanti15@gmail.com', 2, '2022-12-14 21:43:27', 1),
(11, '::1', 'admin@gmail.com', 4, '2022-12-14 22:01:24', 1),
(12, '::1', 'user1@example.com', 10101, '2022-12-14 22:10:27', 1),
(13, '::1', 'yanuarmufid@gmail.com', 3, '2022-12-15 03:57:20', 1),
(14, '::1', 'admin@gmail.com', 4, '2022-12-15 06:30:27', 1),
(15, '::1', 'yanuarmufid@gmail.com', 3, '2022-12-15 10:54:33', 1),
(16, '::1', 'admin@gmail.com', 4, '2022-12-16 06:52:33', 1),
(17, '::1', 'user1@example.com', 10101, '2022-12-16 08:50:22', 1),
(18, '::1', 'admin@gmail.com', 4, '2022-12-20 07:58:44', 1),
(19, '::1', 'admin@gmail.com', 4, '2022-12-20 18:45:06', 1),
(20, '::1', 'admin@gmail.com', 4, '2022-12-20 19:32:16', 1),
(21, '::1', 'kenariput12@gmail.com', 10107, '2022-12-20 20:24:26', 1),
(22, '::1', 'admin@gmail.com', 4, '2022-12-20 20:27:12', 1),
(23, '::1', 'admin@gmail.com', 4, '2022-12-20 20:30:08', 1),
(24, '::1', 'admin@gmail.com', 4, '2022-12-20 20:32:58', 1),
(25, '::1', 'hauralana', NULL, '2022-12-22 04:46:34', 0),
(26, '::1', 'hauralana', NULL, '2022-12-22 04:46:50', 0),
(27, '::1', 'hauralana@gmail.com', 10102, '2022-12-22 04:47:21', 1),
(28, '::1', 'admin@gmail.com', 4, '2022-12-22 04:51:59', 1),
(29, '::1', 'kenariput12@gmail.com', 10107, '2022-12-22 04:52:21', 1),
(30, '::1', 'agussalim25', NULL, '2022-12-22 04:52:39', 0),
(31, '::1', 'agussalim25', NULL, '2022-12-22 04:52:44', 0),
(32, '::1', 'hauralana@gmail.com', 10102, '2022-12-22 04:53:40', 1),
(33, '::1', 'agussalim25@gmail.com', 10103, '2022-12-22 04:58:17', 1),
(34, '::1', 'gofarialhasyim@gmail.com', 10104, '2022-12-22 05:09:00', 1),
(35, '::1', 'fajartrianto290@example.com', 10106, '2022-12-22 05:10:05', 1),
(36, '::1', 'fajartrianto290@example.com', 10106, '2022-12-22 05:13:45', 1),
(37, '::1', 'himawan8@gmail.com', 10108, '2022-12-22 05:15:13', 1),
(38, '::1', 'fajartrianto290@gmail.com', 10106, '2022-12-22 05:15:58', 1),
(39, '::1', 'kenariput12@gmail.com', 10107, '2022-12-22 05:22:16', 1),
(40, '::1', 'himawan8@gmail.com', 10108, '2022-12-22 05:25:38', 1),
(41, '::1', 'dadap_wac@gmail.com', 10156, '2022-12-22 07:32:25', 1);

-- --------------------------------------------------------

--
-- Table structure for table `auth_permissions`
--

CREATE TABLE `auth_permissions` (
  `id` int(11) UNSIGNED NOT NULL,
  `name` varchar(255) NOT NULL,
  `description` varchar(255) NOT NULL
) ENGINE=InnoDB DEFAULT CHARSET=utf8;

-- --------------------------------------------------------

--
-- Table structure for table `auth_reset_attempts`
--

CREATE TABLE `auth_reset_attempts` (
  `id` int(11) UNSIGNED NOT NULL,
  `email` varchar(255) NOT NULL,
  `ip_address` varchar(255) NOT NULL,
  `user_agent` varchar(255) NOT NULL,
  `token` varchar(255) DEFAULT NULL,
  `created_at` datetime NOT NULL
) ENGINE=InnoDB DEFAULT CHARSET=utf8;

-- --------------------------------------------------------

--
-- Table structure for table `auth_tokens`
--

CREATE TABLE `auth_tokens` (
  `id` int(11) UNSIGNED NOT NULL,
  `selector` varchar(255) NOT NULL,
  `hashedValidator` varchar(255) NOT NULL,
  `user_id` int(11) UNSIGNED NOT NULL,
  `expires` datetime NOT NULL
) ENGINE=InnoDB DEFAULT CHARSET=utf8;

-- --------------------------------------------------------

--
-- Table structure for table `auth_users_permissions`
--

CREATE TABLE `auth_users_permissions` (
  `user_id` int(11) UNSIGNED NOT NULL DEFAULT 0,
  `permission_id` int(11) UNSIGNED NOT NULL DEFAULT 0
) ENGINE=InnoDB DEFAULT CHARSET=utf8;

-- --------------------------------------------------------

--
-- Table structure for table `kategori`
--

CREATE TABLE `kategori` (
  `id_kategori` int(11) NOT NULL,
  `nama_kategori` varchar(255) NOT NULL,
  `deskripsi_kategori` varchar(255) NOT NULL,
  `induk_kategori` varchar(255) NOT NULL
) ENGINE=InnoDB DEFAULT CHARSET=utf8mb4;

--
-- Dumping data for table `kategori`
--

INSERT INTO `kategori` (`id_kategori`, `nama_kategori`, `deskripsi_kategori`, `induk_kategori`) VALUES
(1, 'Tour Harian', 'Merupakan paket tour singkat selama 1 hari', 'tour'),
(2, 'Paket Tour ', 'Merupakan paket tour selama lebih dari 1 hari', 'tour'),
(3, 'Trekking Harian', 'Merupakan paket trekking singkat selama 1 hari', 'trekking'),
(4, 'Paket Trekking ', 'Merupakan paket trekking selama lebih dari 1 hari', 'trekking');

-- --------------------------------------------------------

--
-- Table structure for table `keranjang`
--

CREATE TABLE `keranjang` (
  `id_keranjang` int(11) NOT NULL,
  `id_produk` int(11) NOT NULL,
  `id` int(11) NOT NULL,
  `item` int(11) NOT NULL,
  `tanggal_tour` date NOT NULL
) ENGINE=InnoDB DEFAULT CHARSET=utf8mb4;

-- --------------------------------------------------------

--
-- Table structure for table `migrations`
--

CREATE TABLE `migrations` (
  `id` bigint(20) UNSIGNED NOT NULL,
  `version` varchar(255) NOT NULL,
  `class` varchar(255) NOT NULL,
  `group` varchar(255) NOT NULL,
  `namespace` varchar(255) NOT NULL,
  `time` int(11) NOT NULL,
  `batch` int(11) UNSIGNED NOT NULL
) ENGINE=InnoDB DEFAULT CHARSET=utf8;

--
-- Dumping data for table `migrations`
--

INSERT INTO `migrations` (`id`, `version`, `class`, `group`, `namespace`, `time`, `batch`) VALUES
(1, '2017-11-20-223112', 'Myth\\Auth\\Database\\Migrations\\CreateAuthTables', 'default', 'Myth\\Auth', 1671029563, 1);

-- --------------------------------------------------------

--
-- Table structure for table `prediksi`
--

CREATE TABLE `prediksi` (
  `id` int(11) NOT NULL,
  `id_user` int(11) DEFAULT NULL,
  `id_produk` int(11) DEFAULT NULL,
  `nilai_prediksi` float NOT NULL DEFAULT 0,
  `nilai_mae` float NOT NULL DEFAULT 0
) ENGINE=InnoDB DEFAULT CHARSET=utf8mb4;

--
-- Dumping data for table `prediksi`
--

INSERT INTO `prediksi` (`id`, `id_user`, `id_produk`, `nilai_prediksi`, `nilai_mae`) VALUES
(0, 10101, 20117, 3.38868, 1.61132),
(0, 10101, 20103, 3.41083, 1.58917),
(0, 10101, 20101, 0.440878, 0.440878),
(0, 10101, 20102, 0.341286, 0.341286),
(0, 10101, 20105, -0.299988, 0.299988),
(0, 10101, 20115, -0.248172, 0.248172),
(0, 10101, 20104, 0.203638, 0.203638),
(0, 10101, 20118, 0.051772, 0.051772),
(0, 10101, 20114, -0.0285168, 0.0285168),
(0, 10102, 20101, 2.73453, 1.26547),
(0, 10102, 20105, 2.22573, 0.774267),
(0, 10102, 20115, 0.477809, 0.477809),
(0, 10102, 20102, 0.421792, 0.421792),
(0, 10102, 20118, 0.327973, 0.327973),
(0, 10102, 20117, 0.25969, 0.25969),
(0, 10102, 20104, -0.194328, 0.194328),
(0, 10102, 20103, 0.0708459, 0.0708459),
(0, 10102, 20114, 0.0592358, 0.0592358),
(0, 10103, 20102, 3.3221, 1.6779),
(0, 10103, 20105, 0.589531, 0.589531),
(0, 10103, 20117, 0.588056, 0.588056),
(0, 10103, 20118, 0.566607, 0.566607),
(0, 10103, 20101, 0.564818, 0.564818),
(0, 10103, 20114, 0.345549, 0.345549),
(0, 10103, 20103, 0.263705, 0.263705),
(0, 10103, 20115, 0.0591278, 0.0591278),
(0, 10103, 20104, 0.0217117, 0.0217117),
(0, 10104, 20114, 3.52996, 1.47004),
(0, 10104, 20118, 0.532007, 0.532007),
(0, 10104, 20103, 0.511077, 0.511077),
(0, 10104, 20115, 0.475037, 0.475037),
(0, 10104, 20105, 0.427313, 0.427313),
(0, 10104, 20104, 0.420726, 0.420726),
(0, 10104, 20102, 0.372628, 0.372628),
(0, 10104, 20101, 0.342006, 0.342006),
(0, 10104, 20117, 0.0649732, 0.0649732),
(0, 10106, 20105, 3.40624, 1.59376),
(0, 10106, 20101, 0.669473, 0.669473),
(0, 10106, 20115, 2.44583, 0.554171),
(0, 10106, 20118, 0.406509, 0.406509),
(0, 10106, 20114, 0.368761, 0.368761),
(0, 10106, 20102, 0.290005, 0.290005),
(0, 10106, 20117, -0.224763, 0.224763),
(0, 10106, 20104, -0.0777888, 0.0777888),
(0, 10106, 20103, 0.0300328, 0.0300328),
(0, 10107, 20118, 3.27121, 1.72879),
(0, 10107, 20104, 2.88636, 1.11364),
(0, 10107, 20101, -0.172086, 0.172086),
(0, 10107, 20102, -0.145843, 0.145843),
(0, 10107, 20114, 0.100868, 0.100868),
(0, 10107, 20115, -0.0834396, 0.0834396),
(0, 10107, 20117, 0.0727281, 0.0727281),
(0, 10107, 20105, 0.0346473, 0.0346473),
(0, 10107, 20103, -0.0326499, 0.0326499),
(0, 10108, 20118, 2.59521, 1.40479),
(0, 10108, 20104, 0.727877, 0.727877),
(0, 10108, 20105, 0.391789, 0.391789),
(0, 10108, 20103, 0.298361, 0.298361),
(0, 10108, 20101, 0.289149, 0.289149),
(0, 10108, 20102, 0.276992, 0.276992),
(0, 10108, 20114, 0.204392, 0.204392),
(0, 10108, 20115, 0.127386, 0.127386),
(0, 10108, 20117, 0.0607395, 0.0607395),
(0, 10109, 20117, 2.42324, 1.57676),
(0, 10109, 20102, 3.46468, 1.53532),
(0, 10109, 20103, 0.764103, 0.764103),
(0, 10109, 20101, 0.671832, 0.671832),
(0, 10109, 20118, 0.210339, 0.210339),
(0, 10109, 20115, -0.209183, 0.209183),
(0, 10109, 20105, 0.190068, 0.190068),
(0, 10109, 20104, 0.14274, 0.14274),
(0, 10109, 20114, -0.0403627, 0.0403627),
(0, 10110, 20101, 2.62629, 1.37371),
(0, 10110, 20105, 0.764104, 0.764104),
(0, 10110, 20117, 0.541816, 0.541816),
(0, 10110, 20118, 0.477636, 0.477636),
(0, 10110, 20102, 0.440147, 0.440147),
(0, 10110, 20103, 0.295772, 0.295772),
(0, 10110, 20114, 0.197294, 0.197294),
(0, 10110, 20115, 0.131561, 0.131561),
(0, 10110, 20104, 0.0471205, 0.0471205),
(0, 10111, 20103, 1.84112, 1.15888),
(0, 10111, 20114, 2.86807, 1.13193),
(0, 10111, 20117, 0.533238, 0.533238),
(0, 10111, 20118, 0.377367, 0.377367),
(0, 10111, 20115, 0.25756, 0.25756),
(0, 10111, 20105, 0.214768, 0.214768),
(0, 10111, 20104, 0.194425, 0.194425),
(0, 10111, 20101, 0.170645, 0.170645),
(0, 10111, 20102, 0.163525, 0.163525),
(0, 10112, 20115, 2.82325, 2.17675),
(0, 10112, 20105, 1.20584, 1.20584),
(0, 10112, 20114, 0.617727, 0.617727),
(0, 10112, 20118, 0.515742, 0.515742),
(0, 10112, 20101, 0.336423, 0.336423),
(0, 10112, 20103, 0.276621, 0.276621),
(0, 10112, 20104, 0.251765, 0.251765),
(0, 10112, 20102, 0.146975, 0.146975),
(0, 10112, 20117, 0.116478, 0.116478),
(0, 10113, 20118, 2.44555, 1.55445),
(0, 10113, 20105, 1.85342, 1.14658),
(0, 10113, 20104, 0.486428, 0.486428),
(0, 10113, 20115, 0.473634, 0.473634),
(0, 10113, 20101, 0.397384, 0.397384),
(0, 10113, 20102, 0.258637, 0.258637),
(0, 10113, 20117, -0.221386, 0.221386),
(0, 10113, 20103, 0.0734349, 0.0734349),
(0, 10113, 20114, 0.066334, 0.066334),
(0, 10114, 20105, 3.237, 1.763),
(0, 10114, 20101, 3.28375, 1.71625),
(0, 10114, 20115, 0.632282, 0.632282),
(0, 10114, 20104, -0.451993, 0.451993),
(0, 10114, 20102, 0.374335, 0.374335),
(0, 10114, 20103, -0.154497, 0.154497),
(0, 10114, 20118, 0.131043, 0.131043),
(0, 10114, 20114, -0.126117, 0.126117),
(0, 10114, 20117, 0.0973359, 0.0973359),
(0, 10115, 20118, 2.16297, 0.83703),
(0, 10115, 20104, 0.654387, 0.654387),
(0, 10115, 20105, 0.448021, 0.448021),
(0, 10115, 20101, 0.396378, 0.396378),
(0, 10115, 20103, 0.373106, 0.373106),
(0, 10115, 20102, 0.353001, 0.353001),
(0, 10115, 20114, 0.295932, 0.295932),
(0, 10115, 20115, 0.204789, 0.204789),
(0, 10115, 20117, 0.155279, 0.155279),
(0, 10116, 20104, 3.16118, 1.83882),
(0, 10116, 20117, 2.40724, 1.59276),
(0, 10116, 20118, 0.81469, 0.81469),
(0, 10116, 20103, 0.777407, 0.777407),
(0, 10116, 20101, 0.382571, 0.382571),
(0, 10116, 20102, 0.290082, 0.290082),
(0, 10116, 20114, 0.16966, 0.16966),
(0, 10116, 20105, -0.158882, 0.158882),
(0, 10116, 20115, 0.00190842, 0.00190842),
(0, 10117, 20104, 2.51099, 1.48901),
(0, 10117, 20118, 0.909468, 0.909468),
(0, 10117, 20114, 2.33421, 0.665789),
(0, 10117, 20115, 0.326398, 0.326398),
(0, 10117, 20117, 0.321071, 0.321071),
(0, 10117, 20103, 0.289317, 0.289317),
(0, 10117, 20105, 0.202165, 0.202165),
(0, 10117, 20101, 0.138423, 0.138423),
(0, 10117, 20102, 0.109164, 0.109164),
(0, 10118, 20102, 3.25166, 1.74834),
(0, 10118, 20105, 0.663224, 0.663224),
(0, 10118, 20117, 0.639515, 0.639515),
(0, 10118, 20101, 1.51893, 0.481067),
(0, 10118, 20118, 0.372297, 0.372297),
(0, 10118, 20104, -0.171687, 0.171687),
(0, 10118, 20114, 0.15892, 0.15892),
(0, 10118, 20103, 0.11292, 0.11292),
(0, 10118, 20115, -0.0935903, 0.0935903),
(0, 10119, 20103, 2.78533, 2.21467),
(0, 10119, 20117, 1.0947, 1.0947),
(0, 10119, 20118, 0.497107, 0.497107),
(0, 10119, 20114, 0.453873, 0.453873),
(0, 10119, 20101, 0.307111, 0.307111),
(0, 10119, 20105, 0.199341, 0.199341),
(0, 10119, 20102, 0.163058, 0.163058),
(0, 10119, 20115, 0.087216, 0.087216),
(0, 10119, 20104, 0.0523522, 0.0523522),
(0, 10120, 20118, 3.02745, 1.97255),
(0, 10120, 20104, 0.801367, 0.801367),
(0, 10120, 20105, 0.335557, 0.335557),
(0, 10120, 20103, 0.223616, 0.223616),
(0, 10120, 20102, 0.200982, 0.200982),
(0, 10120, 20101, 0.18192, 0.18192),
(0, 10120, 20114, 0.112852, 0.112852),
(0, 10120, 20115, 0.0499831, 0.0499831),
(0, 10120, 20117, -0.0338001, 0.0338001),
(0, 10129, 20117, 3.38868, 1.61132),
(0, 10129, 20103, 3.41083, 1.58917),
(0, 10129, 20101, 0.440878, 0.440878),
(0, 10129, 20102, 0.341286, 0.341286),
(0, 10129, 20105, -0.299988, 0.299988),
(0, 10129, 20115, -0.248172, 0.248172),
(0, 10129, 20104, 0.203638, 0.203638),
(0, 10129, 20118, 0.051772, 0.051772),
(0, 10129, 20114, -0.0285168, 0.0285168),
(0, 10130, 20101, 2.73453, 1.26547),
(0, 10130, 20105, 2.22573, 0.774267),
(0, 10130, 20115, 0.477809, 0.477809),
(0, 10130, 20102, 0.421792, 0.421792),
(0, 10130, 20118, 0.327973, 0.327973),
(0, 10130, 20117, 0.25969, 0.25969),
(0, 10130, 20104, -0.194328, 0.194328),
(0, 10130, 20103, 0.0708459, 0.0708459),
(0, 10130, 20114, 0.0592358, 0.0592358),
(0, 10131, 20102, 3.3221, 1.6779),
(0, 10131, 20105, 0.589531, 0.589531),
(0, 10131, 20117, 0.588056, 0.588056),
(0, 10131, 20118, 0.566607, 0.566607),
(0, 10131, 20101, 0.564818, 0.564818),
(0, 10131, 20114, 0.345549, 0.345549),
(0, 10131, 20103, 0.263705, 0.263705),
(0, 10131, 20115, 0.0591278, 0.0591278),
(0, 10131, 20104, 0.0217117, 0.0217117),
(0, 10132, 20114, 3.52996, 1.47004),
(0, 10132, 20118, 0.532007, 0.532007),
(0, 10132, 20103, 0.511077, 0.511077),
(0, 10132, 20115, 0.475037, 0.475037),
(0, 10132, 20105, 0.427313, 0.427313),
(0, 10132, 20104, 0.420726, 0.420726),
(0, 10132, 20102, 0.372628, 0.372628),
(0, 10132, 20101, 0.342006, 0.342006),
(0, 10132, 20117, 0.0649732, 0.0649732),
(0, 10134, 20105, 3.40624, 1.59376),
(0, 10134, 20101, 0.669473, 0.669473),
(0, 10134, 20115, 2.44583, 0.554171),
(0, 10134, 20118, 0.406509, 0.406509),
(0, 10134, 20114, 0.368761, 0.368761),
(0, 10134, 20102, 0.290005, 0.290005),
(0, 10134, 20117, -0.224763, 0.224763),
(0, 10134, 20104, -0.0777888, 0.0777888),
(0, 10134, 20103, 0.0300328, 0.0300328),
(0, 10135, 20118, 3.27121, 1.72879),
(0, 10135, 20104, 2.88636, 1.11364),
(0, 10135, 20101, -0.172086, 0.172086),
(0, 10135, 20102, -0.145843, 0.145843),
(0, 10135, 20114, 0.100868, 0.100868),
(0, 10135, 20115, -0.0834396, 0.0834396),
(0, 10135, 20117, 0.0727281, 0.0727281),
(0, 10135, 20105, 0.0346473, 0.0346473),
(0, 10135, 20103, -0.0326499, 0.0326499),
(0, 10136, 20118, 2.59521, 1.40479),
(0, 10136, 20104, 0.727877, 0.727877),
(0, 10136, 20105, 0.391789, 0.391789),
(0, 10136, 20103, 0.298361, 0.298361),
(0, 10136, 20101, 0.289149, 0.289149),
(0, 10136, 20102, 0.276992, 0.276992),
(0, 10136, 20114, 0.204392, 0.204392),
(0, 10136, 20115, 0.127386, 0.127386),
(0, 10136, 20117, 0.0607395, 0.0607395),
(0, 10137, 20117, 2.42324, 1.57676),
(0, 10137, 20102, 3.46468, 1.53532),
(0, 10137, 20103, 0.764103, 0.764103),
(0, 10137, 20101, 0.671832, 0.671832),
(0, 10137, 20118, 0.210339, 0.210339),
(0, 10137, 20115, -0.209183, 0.209183),
(0, 10137, 20105, 0.190068, 0.190068),
(0, 10137, 20104, 0.14274, 0.14274),
(0, 10137, 20114, -0.0403627, 0.0403627),
(0, 10138, 20101, 2.62629, 1.37371),
(0, 10138, 20105, 0.764104, 0.764104),
(0, 10138, 20117, 0.541816, 0.541816),
(0, 10138, 20118, 0.477636, 0.477636),
(0, 10138, 20102, 0.440147, 0.440147),
(0, 10138, 20103, 0.295772, 0.295772),
(0, 10138, 20114, 0.197294, 0.197294),
(0, 10138, 20115, 0.131561, 0.131561),
(0, 10138, 20104, 0.0471205, 0.0471205),
(0, 10139, 20114, 2.93808, 1.06192),
(0, 10139, 20118, 0.598856, 0.598856),
(0, 10139, 20103, 0.528329, 0.528329),
(0, 10139, 20115, 0.467429, 0.467429),
(0, 10139, 20105, 0.465194, 0.465194),
(0, 10139, 20104, 0.423364, 0.423364),
(0, 10139, 20101, 0.417217, 0.417217),
(0, 10139, 20102, 0.414308, 0.414308),
(0, 10139, 20117, 0.139758, 0.139758),
(0, 10140, 20115, 2.82325, 2.17675),
(0, 10140, 20105, 1.20584, 1.20584),
(0, 10140, 20114, 0.617727, 0.617727),
(0, 10140, 20118, 0.515742, 0.515742),
(0, 10140, 20101, 0.336423, 0.336423),
(0, 10140, 20103, 0.276621, 0.276621),
(0, 10140, 20104, 0.251765, 0.251765),
(0, 10140, 20102, 0.146975, 0.146975),
(0, 10140, 20117, 0.116478, 0.116478),
(0, 10141, 20118, 2.44555, 1.55445),
(0, 10141, 20105, 1.85342, 1.14658),
(0, 10141, 20104, 0.486428, 0.486428),
(0, 10141, 20115, 0.473634, 0.473634),
(0, 10141, 20101, 0.397384, 0.397384),
(0, 10141, 20102, 0.258637, 0.258637),
(0, 10141, 20117, -0.221386, 0.221386),
(0, 10141, 20103, 0.0734349, 0.0734349),
(0, 10141, 20114, 0.066334, 0.066334),
(0, 10142, 20105, 3.237, 1.763),
(0, 10142, 20101, 3.28375, 1.71625),
(0, 10142, 20115, 0.632282, 0.632282),
(0, 10142, 20104, -0.451993, 0.451993),
(0, 10142, 20102, 0.374335, 0.374335),
(0, 10142, 20103, -0.154497, 0.154497),
(0, 10142, 20118, 0.131043, 0.131043),
(0, 10142, 20114, -0.126117, 0.126117),
(0, 10142, 20117, 0.0973359, 0.0973359),
(0, 10143, 20118, 2.16297, 0.83703),
(0, 10143, 20104, 0.654387, 0.654387),
(0, 10143, 20105, 0.448021, 0.448021),
(0, 10143, 20101, 0.396378, 0.396378),
(0, 10143, 20103, 0.373106, 0.373106),
(0, 10143, 20102, 0.353001, 0.353001),
(0, 10143, 20114, 0.295932, 0.295932),
(0, 10143, 20115, 0.204789, 0.204789),
(0, 10143, 20117, 0.155279, 0.155279),
(0, 10144, 20104, 3.16118, 1.83882),
(0, 10144, 20117, 2.40724, 1.59276),
(0, 10144, 20118, 0.81469, 0.81469),
(0, 10144, 20103, 0.777407, 0.777407),
(0, 10144, 20101, 0.382571, 0.382571),
(0, 10144, 20102, 0.290082, 0.290082),
(0, 10144, 20114, 0.16966, 0.16966),
(0, 10144, 20105, -0.158882, 0.158882),
(0, 10144, 20115, 0.00190842, 0.00190842),
(0, 10145, 20104, 2.51099, 1.48901),
(0, 10145, 20118, 0.909468, 0.909468),
(0, 10145, 20114, 2.33421, 0.665789),
(0, 10145, 20115, 0.326398, 0.326398),
(0, 10145, 20117, 0.321071, 0.321071),
(0, 10145, 20103, 0.289317, 0.289317),
(0, 10145, 20105, 0.202165, 0.202165),
(0, 10145, 20101, 0.138423, 0.138423),
(0, 10145, 20102, 0.109164, 0.109164),
(0, 10146, 20102, 3.25166, 1.74834),
(0, 10146, 20105, 0.663224, 0.663224),
(0, 10146, 20117, 0.639515, 0.639515),
(0, 10146, 20101, 1.51893, 0.481067),
(0, 10146, 20118, 0.372297, 0.372297),
(0, 10146, 20104, -0.171687, 0.171687),
(0, 10146, 20114, 0.15892, 0.15892),
(0, 10146, 20103, 0.11292, 0.11292),
(0, 10146, 20115, -0.0935903, 0.0935903),
(0, 10147, 20103, 2.78533, 2.21467),
(0, 10147, 20117, 1.0947, 1.0947),
(0, 10147, 20118, 0.497107, 0.497107),
(0, 10147, 20114, 0.453873, 0.453873),
(0, 10147, 20101, 0.307111, 0.307111),
(0, 10147, 20105, 0.199341, 0.199341),
(0, 10147, 20102, 0.163058, 0.163058),
(0, 10147, 20115, 0.087216, 0.087216),
(0, 10147, 20104, 0.0523522, 0.0523522),
(0, 10148, 20118, 3.02745, 1.97255),
(0, 10148, 20104, 0.801367, 0.801367),
(0, 10148, 20105, 0.335557, 0.335557),
(0, 10148, 20103, 0.223616, 0.223616),
(0, 10148, 20102, 0.200982, 0.200982),
(0, 10148, 20101, 0.18192, 0.18192),
(0, 10148, 20114, 0.112852, 0.112852),
(0, 10148, 20115, 0.0499831, 0.0499831),
(0, 10148, 20117, -0.0338001, 0.0338001),
(0, 10150, 20118, 0.806325, 0.806325),
(0, 10150, 20101, 0.687415, 0.687415),
(0, 10150, 20105, 0.611281, 0.611281),
(0, 10150, 20103, 0.530614, 0.530614),
(0, 10150, 20114, 0.525551, 0.525551),
(0, 10150, 20117, 0.46873, 0.46873),
(0, 10150, 20115, 0.361424, 0.361424),
(0, 10150, 20104, 0.351477, 0.351477),
(0, 10150, 20102, 1.12924, 0.129243),
(0, 10151, 20105, 3.33466, 1.66534),
(0, 10151, 20114, 3.3376, 1.6624),
(0, 10151, 20115, 2.96112, 1.03888),
(0, 10151, 20117, -0.663172, 0.663172),
(0, 10151, 20101, 0.217086, 0.217086),
(0, 10151, 20104, -0.127412, 0.127412),
(0, 10151, 20103, -0.120375, 0.120375),
(0, 10151, 20102, -0.00520786, 0.00520786),
(0, 10151, 20118, 0.00215825, 0.00215825),
(0, 10152, 20118, 1.04908, 1.04908),
(0, 10152, 20104, 1.99766, 1.00234),
(0, 10152, 20114, 0.561564, 0.561564),
(0, 10152, 20117, 0.518794, 0.518794),
(0, 10152, 20101, 0.45256, 0.45256),
(0, 10152, 20103, 0.405142, 0.405142),
(0, 10152, 20105, 0.391036, 0.391036),
(0, 10152, 20115, 0.33693, 0.33693),
(0, 10152, 20102, 0.320911, 0.320911),
(0, 10153, 20102, 3.17008, 1.82992),
(0, 10153, 20118, 1.43108, 0.568917),
(0, 10153, 20105, 0.477066, 0.477066),
(0, 10153, 20117, 0.398977, 0.398977),
(0, 10153, 20101, 0.35036, 0.35036),
(0, 10153, 20104, 0.168691, 0.168691),
(0, 10153, 20114, 0.16247, 0.16247),
(0, 10153, 20103, 0.114215, 0.114215),
(0, 10153, 20115, -0.0956779, 0.0956779),
(0, 10154, 20101, 3.15686, 1.84314),
(0, 10154, 20105, 0.601218, 0.601218),
(0, 10154, 20117, 1.48514, 0.514862),
(0, 10154, 20102, 0.476217, 0.476217),
(0, 10154, 20103, 0.470578, 0.470578),
(0, 10154, 20118, 0.202347, 0.202347),
(0, 10154, 20114, -0.0889767, 0.0889767),
(0, 10154, 20115, -0.0789531, 0.0789531),
(0, 10154, 20104, 0.0109355, 0.0109355),
(0, 10155, 20103, 1.91013, 1.08987),
(0, 10155, 20117, 0.832377, 0.832377),
(0, 10155, 20118, 0.644766, 0.644766),
(0, 10155, 20114, 0.500545, 0.500545),
(0, 10155, 20101, 0.471492, 0.471492),
(0, 10155, 20105, 0.366292, 0.366292),
(0, 10155, 20102, 0.330246, 0.330246),
(0, 10155, 20115, 0.227129, 0.227129),
(0, 10155, 20104, 0.204978, 0.204978),
(0, 10156, 20118, 1.96482, 3.03518),
(0, 10156, 20114, 2.53379, 2.46621),
(0, 10156, 20101, 1.70575, 2.29425),
(0, 10156, 20105, 2.47803, 1.52197),
(0, 10156, 20117, -0.809942, 0.809942),
(0, 10156, 20115, 1.19875, 0.801249),
(0, 10156, 20103, -0.592406, 0.592406),
(0, 10156, 20102, -0.346399, 0.346399),
(0, 10156, 20104, 0.0065843, 0.0065843),
(0, 10157, 20117, 3.38868, 1.61132),
(0, 10157, 20103, 3.41083, 1.58917),
(0, 10157, 20101, 0.440878, 0.440878),
(0, 10157, 20102, 0.341286, 0.341286),
(0, 10157, 20105, -0.299988, 0.299988),
(0, 10157, 20115, -0.248172, 0.248172),
(0, 10157, 20104, 0.203638, 0.203638),
(0, 10157, 20118, 0.051772, 0.051772),
(0, 10157, 20114, -0.0285168, 0.0285168),
(0, 10158, 20101, 2.73453, 1.26547),
(0, 10158, 20105, 2.22573, 0.774267),
(0, 10158, 20115, 0.477809, 0.477809),
(0, 10158, 20102, 0.421792, 0.421792),
(0, 10158, 20118, 0.327973, 0.327973),
(0, 10158, 20117, 0.25969, 0.25969),
(0, 10158, 20104, -0.194328, 0.194328),
(0, 10158, 20103, 0.0708459, 0.0708459),
(0, 10158, 20114, 0.0592358, 0.0592358),
(0, 10159, 20102, 3.3221, 1.6779),
(0, 10159, 20105, 0.589531, 0.589531),
(0, 10159, 20117, 0.588056, 0.588056),
(0, 10159, 20118, 0.566607, 0.566607),
(0, 10159, 20101, 0.564818, 0.564818),
(0, 10159, 20114, 0.345549, 0.345549),
(0, 10159, 20103, 0.263705, 0.263705),
(0, 10159, 20115, 0.0591278, 0.0591278),
(0, 10159, 20104, 0.0217117, 0.0217117),
(0, 10160, 20114, 3.52996, 1.47004),
(0, 10160, 20118, 0.532007, 0.532007),
(0, 10160, 20103, 0.511077, 0.511077),
(0, 10160, 20115, 0.475037, 0.475037),
(0, 10160, 20105, 0.427313, 0.427313),
(0, 10160, 20104, 0.420726, 0.420726),
(0, 10160, 20102, 0.372628, 0.372628),
(0, 10160, 20101, 0.342006, 0.342006),
(0, 10160, 20117, 0.0649732, 0.0649732),
(0, 10162, 20105, 3.40624, 1.59376),
(0, 10162, 20101, 0.669473, 0.669473),
(0, 10162, 20115, 2.44583, 0.554171),
(0, 10162, 20118, 0.406509, 0.406509),
(0, 10162, 20114, 0.368761, 0.368761),
(0, 10162, 20102, 0.290005, 0.290005),
(0, 10162, 20117, -0.224763, 0.224763),
(0, 10162, 20104, -0.0777888, 0.0777888),
(0, 10162, 20103, 0.0300328, 0.0300328),
(0, 10175, 20118, 3.27121, 1.72879),
(0, 10175, 20104, 2.88636, 1.11364),
(0, 10175, 20101, -0.172086, 0.172086),
(0, 10175, 20102, -0.145843, 0.145843),
(0, 10175, 20114, 0.100868, 0.100868),
(0, 10175, 20115, -0.0834396, 0.0834396),
(0, 10175, 20117, 0.0727281, 0.0727281),
(0, 10175, 20105, 0.0346473, 0.0346473),
(0, 10175, 20103, -0.0326499, 0.0326499),
(0, 10176, 20118, 2.59521, 1.40479),
(0, 10176, 20104, 0.727877, 0.727877),
(0, 10176, 20105, 0.391789, 0.391789),
(0, 10176, 20103, 0.298361, 0.298361),
(0, 10176, 20101, 0.289149, 0.289149),
(0, 10176, 20102, 0.276992, 0.276992),
(0, 10176, 20114, 0.204392, 0.204392),
(0, 10176, 20115, 0.127386, 0.127386),
(0, 10176, 20117, 0.0607395, 0.0607395),
(0, 10177, 20117, 2.42324, 1.57676),
(0, 10177, 20102, 3.46468, 1.53532),
(0, 10177, 20103, 0.764103, 0.764103),
(0, 10177, 20101, 0.671832, 0.671832),
(0, 10177, 20118, 0.210339, 0.210339),
(0, 10177, 20115, -0.209183, 0.209183),
(0, 10177, 20105, 0.190068, 0.190068),
(0, 10177, 20104, 0.14274, 0.14274),
(0, 10177, 20114, -0.0403627, 0.0403627),
(0, 10178, 20101, 2.62629, 1.37371),
(0, 10178, 20105, 0.764104, 0.764104),
(0, 10178, 20117, 0.541816, 0.541816),
(0, 10178, 20118, 0.477636, 0.477636),
(0, 10178, 20102, 0.440147, 0.440147),
(0, 10178, 20103, 0.295772, 0.295772),
(0, 10178, 20114, 0.197294, 0.197294),
(0, 10178, 20115, 0.131561, 0.131561),
(0, 10178, 20104, 0.0471205, 0.0471205),
(0, 10179, 20103, 1.84112, 1.15888),
(0, 10179, 20114, 2.86807, 1.13193),
(0, 10179, 20117, 0.533238, 0.533238),
(0, 10179, 20118, 0.377367, 0.377367),
(0, 10179, 20115, 0.25756, 0.25756),
(0, 10179, 20105, 0.214768, 0.214768),
(0, 10179, 20104, 0.194425, 0.194425),
(0, 10179, 20101, 0.170645, 0.170645),
(0, 10179, 20102, 0.163525, 0.163525),
(0, 10180, 20115, 2.82325, 2.17675),
(0, 10180, 20105, 1.20584, 1.20584),
(0, 10180, 20114, 0.617727, 0.617727),
(0, 10180, 20118, 0.515742, 0.515742),
(0, 10180, 20101, 0.336423, 0.336423),
(0, 10180, 20103, 0.276621, 0.276621),
(0, 10180, 20104, 0.251765, 0.251765),
(0, 10180, 20102, 0.146975, 0.146975),
(0, 10180, 20117, 0.116478, 0.116478),
(0, 10181, 20118, 2.44555, 1.55445),
(0, 10181, 20105, 1.85342, 1.14658),
(0, 10181, 20104, 0.486428, 0.486428),
(0, 10181, 20115, 0.473634, 0.473634),
(0, 10181, 20101, 0.397384, 0.397384),
(0, 10181, 20102, 0.258637, 0.258637),
(0, 10181, 20117, -0.221386, 0.221386),
(0, 10181, 20103, 0.0734349, 0.0734349),
(0, 10181, 20114, 0.066334, 0.066334),
(0, 10182, 20101, 3.10335, 1.89665),
(0, 10182, 20105, 0.80095, 0.80095),
(0, 10182, 20117, 0.567545, 0.567545),
(0, 10182, 20102, 0.404926, 0.404926),
(0, 10182, 20118, 0.380481, 0.380481),
(0, 10182, 20103, 0.220379, 0.220379),
(0, 10182, 20114, 0.103979, 0.103979),
(0, 10182, 20115, 0.0552022, 0.0552022),
(0, 10182, 20104, -0.0495788, 0.0495788),
(0, 10183, 20118, 3.02745, 1.97255),
(0, 10183, 20104, 0.801367, 0.801367),
(0, 10183, 20105, 0.335557, 0.335557),
(0, 10183, 20103, 0.223616, 0.223616),
(0, 10183, 20102, 0.200982, 0.200982),
(0, 10183, 20101, 0.18192, 0.18192),
(0, 10183, 20114, 0.112852, 0.112852),
(0, 10183, 20115, 0.0499831, 0.0499831),
(0, 10183, 20117, -0.0338001, 0.0338001),
(0, 10184, 20117, 2.81278, 2.18722),
(0, 10184, 20103, 1.03064, 1.03064),
(0, 10184, 20104, 2.14895, 0.851054),
(0, 10184, 20118, 0.603742, 0.603742),
(0, 10184, 20101, 0.586327, 0.586327),
(0, 10184, 20102, 0.49914, 0.49914),
(0, 10184, 20105, -0.108293, 0.108293),
(0, 10184, 20114, 0.0791736, 0.0791736),
(0, 10184, 20115, 0.00154213, 0.00154213),
(0, 10185, 20104, 2.50835, 1.49165),
(0, 10185, 20114, 2.92609, 1.07391),
(0, 10185, 20118, 0.842619, 0.842619),
(0, 10185, 20115, 0.334006, 0.334006),
(0, 10185, 20103, 0.272064, 0.272064),
(0, 10185, 20117, 0.246286, 0.246286),
(0, 10185, 20105, 0.164284, 0.164284),
(0, 10185, 20102, 0.0674833, 0.0674833),
(0, 10185, 20101, 0.0632114, 0.0632114),
(0, 10186, 20101, 2.08794, 0.912061),
(0, 10186, 20105, 0.716382, 0.716382),
(0, 10186, 20117, 0.57575, 0.57575),
(0, 10186, 20118, 0.454931, 0.454931),
(0, 10186, 20102, 1.57179, 0.428206),
(0, 10186, 20103, 0.23771, 0.23771),
(0, 10186, 20114, 0.200607, 0.200607),
(0, 10186, 20115, 0.0567725, 0.0567725),
(0, 10186, 20104, -0.0210626, 0.0210626),
(0, 10187, 20103, 2.78533, 2.21467),
(0, 10187, 20117, 1.0947, 1.0947),
(0, 10187, 20118, 0.497107, 0.497107),
(0, 10187, 20114, 0.453873, 0.453873),
(0, 10187, 20101, 0.307111, 0.307111),
(0, 10187, 20105, 0.199341, 0.199341),
(0, 10187, 20102, 0.163058, 0.163058),
(0, 10187, 20115, 0.087216, 0.087216),
(0, 10187, 20104, 0.0523522, 0.0523522),
(0, 10188, 20118, 3.02745, 1.97255),
(0, 10188, 20104, 0.801367, 0.801367),
(0, 10188, 20105, 0.335557, 0.335557),
(0, 10188, 20103, 0.223616, 0.223616),
(0, 10188, 20102, 0.200982, 0.200982),
(0, 10188, 20101, 0.18192, 0.18192),
(0, 10188, 20114, 0.112852, 0.112852),
(0, 10188, 20115, 0.0499831, 0.0499831),
(0, 10188, 20117, -0.0338001, 0.0338001),
(0, 10208, 20101, 2.62629, 1.37371),
(0, 10208, 20105, 0.764104, 0.764104),
(0, 10208, 20117, 0.541816, 0.541816),
(0, 10208, 20118, 0.477636, 0.477636),
(0, 10208, 20102, 0.440147, 0.440147),
(0, 10208, 20103, 0.295772, 0.295772),
(0, 10208, 20114, 0.197294, 0.197294),
(0, 10208, 20115, 0.131561, 0.131561),
(0, 10208, 20104, 0.0471205, 0.0471205),
(0, 10209, 20105, 3.02558, 1.97442),
(0, 10209, 20102, 3.29151, 1.70849),
(0, 10209, 20101, 0.745211, 0.745211),
(0, 10209, 20115, 0.636208, 0.636208),
(0, 10209, 20104, -0.380703, 0.380703),
(0, 10209, 20118, 0.317168, 0.317168),
(0, 10209, 20117, 0.117847, 0.117847),
(0, 10209, 20114, 0.115453, 0.115453),
(0, 10209, 20103, -0.111172, 0.111172),
(0, 10210, 20118, 0.665706, 0.665706),
(0, 10210, 20114, 2.34619, 0.653805),
(0, 10210, 20103, 0.545582, 0.545582),
(0, 10210, 20105, 0.503075, 0.503075),
(0, 10210, 20101, 0.492429, 0.492429),
(0, 10210, 20115, 0.459821, 0.459821),
(0, 10210, 20102, 0.455989, 0.455989),
(0, 10210, 20104, 0.426003, 0.426003),
(0, 10210, 20117, 0.214543, 0.214543),
(0, 10211, 20115, 2.69225, 1.30775),
(0, 10211, 20101, 0.520987, 0.520987),
(0, 10211, 20114, 0.470234, 0.470234),
(0, 10211, 20105, 2.54965, 0.450355),
(0, 10211, 20118, 0.436182, 0.436182),
(0, 10211, 20102, 0.215431, 0.215431),
(0, 10211, 20103, 0.115839, 0.115839),
(0, 10211, 20117, -0.101163, 0.101163),
(0, 10211, 20104, 0.0467464, 0.0467464),
(0, 10212, 20104, 3.18713, 1.81287),
(0, 10212, 20117, 0.382979, 0.382979),
(0, 10212, 20114, 0.372492, 0.372492),
(0, 10212, 20105, 0.128117, 0.128117),
(0, 10212, 20103, 0.127519, 0.127519),
(0, 10212, 20115, 0.115413, 0.115413),
(0, 10212, 20101, 0.061099, 0.061099),
(0, 10212, 20118, 2.03543, 0.0354349),
(0, 10212, 20102, -0.00452047, 0.00452047),
(0, 10213, 20118, 2.78773, 2.21227),
(0, 10213, 20102, 2.39384, 1.60616),
(0, 10213, 20104, 0.471602, 0.471602),
(0, 10213, 20105, 0.313807, 0.313807),
(0, 10213, 20115, -0.252313, 0.252313),
(0, 10213, 20117, 0.0855267, 0.0855267),
(0, 10213, 20114, -0.0671497, 0.0671497),
(0, 10213, 20101, 0.0593227, 0.0593227),
(0, 10213, 20103, -0.043293, 0.043293),
(0, 10214, 20117, 2.27408, 1.72592),
(0, 10214, 20103, 1.09774, 1.09774),
(0, 10214, 20101, 0.825078, 0.825078),
(0, 10214, 20102, 0.723613, 0.723613),
(0, 10214, 20104, 0.554946, 0.554946),
(0, 10214, 20118, 0.509987, 0.509987),
(0, 10214, 20105, 0.217255, 0.217255),
(0, 10214, 20114, 0.18464, 0.18464),
(0, 10214, 20115, 0.168687, 0.168687),
(0, 10215, 20101, 2.14924, 0.850763),
(0, 10215, 20105, 0.727257, 0.727257),
(0, 10215, 20118, 0.574791, 0.574791),
(0, 10215, 20117, 0.516086, 0.516086),
(0, 10215, 20102, 0.475368, 0.475368),
(0, 10215, 20103, 0.371164, 0.371164),
(0, 10215, 20114, 0.290608, 0.290608),
(0, 10215, 20115, 0.20792, 0.20792),
(0, 10215, 20104, 0.14382, 0.14382),
(0, 10216, 20118, 0.718596, 0.718596),
(0, 10216, 20117, 0.701218, 0.701218),
(0, 10216, 20101, 0.553683, 0.553683),
(0, 10216, 20103, 1.47254, 0.527464),
(0, 10216, 20114, 0.52388, 0.52388),
(0, 10216, 20105, 0.449767, 0.449767),
(0, 10216, 20102, 0.413841, 0.413841),
(0, 10216, 20115, 0.297085, 0.297085),
(0, 10216, 20104, 0.281292, 0.281292),
(0, 10217, 20105, 3.02558, 1.97442),
(0, 10217, 20102, 3.29151, 1.70849),
(0, 10217, 20101, 0.745211, 0.745211),
(0, 10217, 20115, 0.636208, 0.636208),
(0, 10217, 20104, -0.380703, 0.380703),
(0, 10217, 20118, 0.317168, 0.317168),
(0, 10217, 20117, 0.117847, 0.117847),
(0, 10217, 20114, 0.115453, 0.115453),
(0, 10217, 20103, -0.111172, 0.111172),
(0, 10218, 20118, 0.665706, 0.665706),
(0, 10218, 20114, 2.34619, 0.653805),
(0, 10218, 20103, 0.545582, 0.545582),
(0, 10218, 20105, 0.503075, 0.503075),
(0, 10218, 20101, 0.492429, 0.492429),
(0, 10218, 20115, 0.459821, 0.459821),
(0, 10218, 20102, 0.455989, 0.455989),
(0, 10218, 20104, 0.426003, 0.426003),
(0, 10218, 20117, 0.214543, 0.214543),
(0, 10219, 20101, 2.62629, 1.37371),
(0, 10219, 20105, 0.764104, 0.764104),
(0, 10219, 20117, 0.541816, 0.541816),
(0, 10219, 20118, 0.477636, 0.477636),
(0, 10219, 20102, 0.440147, 0.440147),
(0, 10219, 20103, 0.295772, 0.295772),
(0, 10219, 20114, 0.197294, 0.197294),
(0, 10219, 20115, 0.131561, 0.131561),
(0, 10219, 20104, 0.0471205, 0.0471205),
(0, 10220, 20103, 2.5604, 2.4396),
(0, 10220, 20105, 1.66097, 1.33903),
(0, 10220, 20117, 0.812572, 0.812572),
(0, 10220, 20115, 0.433464, 0.433464),
(0, 10220, 20101, 0.415346, 0.415346),
(0, 10220, 20118, 0.347444, 0.347444),
(0, 10220, 20114, 0.315815, 0.315815),
(0, 10220, 20104, -0.189097, 0.189097),
(0, 10220, 20102, 0.144703, 0.144703),
(0, 10221, 20114, 3.34996, 1.65004),
(0, 10221, 20102, 2.56548, 1.43452),
(0, 10221, 20105, 0.405563, 0.405563),
(0, 10221, 20118, 0.292288, 0.292288),
(0, 10221, 20103, 0.244168, 0.244168),
(0, 10221, 20101, 0.219409, 0.219409),
(0, 10221, 20117, 0.1843, 0.1843),
(0, 10221, 20115, 0.172741, 0.172741),
(0, 10221, 20104, 0.0909607, 0.0909607),
(0, 10230, 20117, 3.38868, 1.61132),
(0, 10230, 20103, 3.41083, 1.58917),
(0, 10230, 20101, 0.440878, 0.440878),
(0, 10230, 20102, 0.341286, 0.341286),
(0, 10230, 20105, -0.299988, 0.299988),
(0, 10230, 20115, -0.248172, 0.248172),
(0, 10230, 20104, 0.203638, 0.203638),
(0, 10230, 20118, 0.051772, 0.051772),
(0, 10230, 20114, -0.0285168, 0.0285168),
(0, 10231, 20105, 3.20015, 1.79985),
(0, 10231, 20101, 2.80669, 1.19331),
(0, 10231, 20115, 0.708641, 0.708641),
(0, 10231, 20102, 0.409555, 0.409555),
(0, 10231, 20104, -0.355294, 0.355294),
(0, 10231, 20118, 0.228198, 0.228198),
(0, 10231, 20103, -0.0791046, 0.0791046),
(0, 10231, 20117, 0.0716065, 0.0716065),
(0, 10231, 20114, -0.0328028, 0.0328028),
(0, 10232, 20102, 2.22567, 0.77433),
(0, 10232, 20118, 0.686466, 0.686466),
(0, 10232, 20101, 0.626116, 0.626116),
(0, 10232, 20105, 0.600406, 0.600406),
(0, 10232, 20117, 0.528393, 0.528393),
(0, 10232, 20114, 0.43555, 0.43555),
(0, 10232, 20103, 0.397159, 0.397159),
(0, 10232, 20115, 0.210276, 0.210276),
(0, 10232, 20104, 0.186594, 0.186594),
(0, 10233, 20114, 2.93808, 1.06192),
(0, 10233, 20118, 0.598856, 0.598856),
(0, 10233, 20103, 0.528329, 0.528329),
(0, 10233, 20115, 0.467429, 0.467429),
(0, 10233, 20105, 0.465194, 0.465194),
(0, 10233, 20104, 0.423364, 0.423364),
(0, 10233, 20101, 0.417217, 0.417217),
(0, 10233, 20102, 0.414308, 0.414308),
(0, 10233, 20117, 0.139758, 0.139758),
(0, 10234, 20105, 3.28842, 1.71158),
(0, 10234, 20101, 0.745801, 0.745801),
(0, 10234, 20118, 0.476612, 0.476612),
(0, 10234, 20102, 0.376816, 0.376816),
(0, 10234, 20114, 0.359325, 0.359325),
(0, 10234, 20117, -0.160279, 0.160279),
(0, 10234, 20103, 0.0941767, 0.0941767),
(0, 10234, 20104, -0.0413582, 0.0413582),
(0, 10234, 20115, 1.96858, 0.0314212),
(0, 10235, 20104, 3.04015, 1.95985),
(0, 10235, 20118, 1.17096, 1.17096),
(0, 10235, 20117, 0.572058, 0.572058),
(0, 10235, 20114, 0.555572, 0.555572),
(0, 10235, 20103, 0.277009, 0.277009),
(0, 10235, 20101, 0.275557, 0.275557),
(0, 10235, 20115, 0.270219, 0.270219),
(0, 10235, 20105, 0.240581, 0.240581),
(0, 10235, 20102, 0.147499, 0.147499),
(0, 10236, 20118, 2.16297, 0.83703),
(0, 10236, 20104, 0.654387, 0.654387),
(0, 10236, 20105, 0.448021, 0.448021),
(0, 10236, 20101, 0.396378, 0.396378),
(0, 10236, 20103, 0.373106, 0.373106),
(0, 10236, 20102, 0.353001, 0.353001),
(0, 10236, 20114, 0.295932, 0.295932),
(0, 10236, 20115, 0.204789, 0.204789),
(0, 10236, 20117, 0.155279, 0.155279),
(0, 10237, 20103, 1.9153, 2.0847),
(0, 10237, 20118, 2.18003, 1.81997),
(0, 10237, 20102, 1.03904, 0.960959),
(0, 10237, 20117, 0.645042, 0.645042),
(0, 10237, 20115, -0.303587, 0.303587),
(0, 10237, 20104, 0.257742, 0.257742),
(0, 10237, 20101, -0.100913, 0.100913),
(0, 10237, 20105, 0.0470122, 0.0470122),
(0, 10237, 20114, 0.0210485, 0.0210485),
(0, 10238, 20117, 2.73288, 2.26712),
(0, 10238, 20103, 1.22284, 1.22284),
(0, 10238, 20101, 0.851832, 0.851832),
(0, 10238, 20102, 0.759259, 0.759259),
(0, 10238, 20104, 0.585204, 0.585204),
(0, 10238, 20118, 0.42092, 0.42092),
(0, 10238, 20105, 0.117389, 0.117389),
(0, 10238, 20115, 0.101609, 0.101609),
(0, 10238, 20114, 0.0881615, 0.0881615),
(0, 10239, 20101, 3.10335, 1.89665),
(0, 10239, 20105, 0.80095, 0.80095),
(0, 10239, 20117, 0.567545, 0.567545),
(0, 10239, 20102, 0.404926, 0.404926),
(0, 10239, 20118, 0.380481, 0.380481),
(0, 10239, 20103, 0.220379, 0.220379),
(0, 10239, 20114, 0.103979, 0.103979),
(0, 10239, 20115, 0.0552022, 0.0552022),
(0, 10239, 20104, -0.0495788, 0.0495788),
(0, 10240, 20105, 2.07835, 0.921653),
(0, 10240, 20101, 0.8263, 0.8263),
(0, 10240, 20115, 0.783245, 0.783245),
(0, 10240, 20118, 0.716592, 0.716592),
(0, 10240, 20102, 0.562675, 0.562675),
(0, 10240, 20114, 0.432494, 0.432494),
(0, 10240, 20103, 0.372415, 0.372415),
(0, 10240, 20104, 0.192469, 0.192469),
(0, 10240, 20117, 0.156772, 0.156772),
(0, 10241, 20102, 2.60716, 1.39284),
(0, 10241, 20114, 2.75807, 1.24193),
(0, 10241, 20105, 0.443444, 0.443444),
(0, 10241, 20118, 0.359138, 0.359138),
(0, 10241, 20101, 0.29462, 0.29462),
(0, 10241, 20103, 0.261421, 0.261421),
(0, 10241, 20117, 0.259085, 0.259085),
(0, 10241, 20115, 0.165133, 0.165133),
(0, 10241, 20104, 0.0935992, 0.0935992),
(0, 10242, 20105, 2.91903, 1.08097),
(0, 10242, 20115, 2.33041, 0.669587),
(0, 10242, 20101, 0.633394, 0.633394),
(0, 10242, 20118, 0.456397, 0.456397),
(0, 10242, 20114, 0.41478, 0.41478),
(0, 10242, 20102, 0.296124, 0.296124),
(0, 10242, 20117, -0.130721, 0.130721),
(0, 10242, 20103, 0.105008, 0.105008),
(0, 10242, 20104, 0.00269412, 0.00269412),
(0, 10243, 20104, 3.04015, 1.95985),
(0, 10243, 20118, 1.17096, 1.17096),
(0, 10243, 20117, 0.572058, 0.572058),
(0, 10243, 20114, 0.555572, 0.555572),
(0, 10243, 20103, 0.277009, 0.277009),
(0, 10243, 20101, 0.275557, 0.275557),
(0, 10243, 20115, 0.270219, 0.270219),
(0, 10243, 20105, 0.240581, 0.240581),
(0, 10243, 20102, 0.147499, 0.147499),
(0, 10244, 20118, 2.59521, 1.40479),
(0, 10244, 20104, 0.727877, 0.727877),
(0, 10244, 20105, 0.391789, 0.391789),
(0, 10244, 20103, 0.298361, 0.298361),
(0, 10244, 20101, 0.289149, 0.289149),
(0, 10244, 20102, 0.276992, 0.276992),
(0, 10244, 20114, 0.204392, 0.204392),
(0, 10244, 20115, 0.127386, 0.127386),
(0, 10244, 20117, 0.0607395, 0.0607395),
(0, 10245, 20102, 3.3221, 1.6779),
(0, 10245, 20105, 0.589531, 0.589531),
(0, 10245, 20117, 0.588056, 0.588056),
(0, 10245, 20118, 0.566607, 0.566607),
(0, 10245, 20101, 0.564818, 0.564818),
(0, 10245, 20114, 0.345549, 0.345549),
(0, 10245, 20103, 0.263705, 0.263705),
(0, 10245, 20115, 0.0591278, 0.0591278),
(0, 10245, 20104, 0.0217117, 0.0217117),
(0, 10260, 20103, 1.91013, 1.08987),
(0, 10260, 20117, 0.832377, 0.832377),
(0, 10260, 20118, 0.644766, 0.644766),
(0, 10260, 20114, 0.500545, 0.500545),
(0, 10260, 20101, 0.471492, 0.471492),
(0, 10260, 20105, 0.366292, 0.366292),
(0, 10260, 20102, 0.330246, 0.330246),
(0, 10260, 20115, 0.227129, 0.227129),
(0, 10260, 20104, 0.204978, 0.204978),
(0, 10261, 20101, 3.21037, 1.78963),
(0, 10261, 20117, 2.40273, 1.59727),
(0, 10261, 20103, 0.720777, 0.720777),
(0, 10261, 20102, 0.547509, 0.547509),
(0, 10261, 20105, 0.401487, 0.401487),
(0, 10261, 20114, -0.281933, 0.281933),
(0, 10261, 20115, -0.213108, 0.213108),
(0, 10261, 20104, 0.0714498, 0.0714498),
(0, 10261, 20118, 0.0242132, 0.0242132),
(0, 10262, 20114, 3.45995, 1.54005),
(0, 10262, 20103, 1.82387, 1.17613),
(0, 10262, 20117, 0.458453, 0.458453),
(0, 10262, 20118, 0.310518, 0.310518),
(0, 10262, 20115, 0.265168, 0.265168),
(0, 10262, 20104, 0.191786, 0.191786),
(0, 10262, 20105, 0.176887, 0.176887),
(0, 10262, 20102, 0.121844, 0.121844),
(0, 10262, 20101, 0.0954335, 0.0954335),
(0, 10263, 20115, 2.346, 1.654),
(0, 10263, 20105, 1.08802, 1.08802),
(0, 10263, 20114, 0.608292, 0.608292),
(0, 10263, 20118, 0.585845, 0.585845),
(0, 10263, 20101, 0.412751, 0.412751),
(0, 10263, 20103, 0.340765, 0.340765),
(0, 10263, 20104, 0.288195, 0.288195),
(0, 10263, 20102, 0.233786, 0.233786),
(0, 10263, 20117, 0.180962, 0.180962),
(0, 10264, 20105, 3.05277, 1.94723),
(0, 10264, 20115, 1.01408, 1.01408),
(0, 10264, 20101, 0.898457, 0.898457),
(0, 10264, 20118, 0.616817, 0.616817),
(0, 10264, 20102, 0.550438, 0.550438),
(0, 10264, 20114, 0.340455, 0.340455),
(0, 10264, 20103, 0.222464, 0.222464),
(0, 10264, 20104, 0.0315032, 0.0315032),
(0, 10264, 20117, -0.0313111, 0.0313111),
(0, 10265, 20118, 2.59521, 1.40479),
(0, 10265, 20104, 0.727877, 0.727877),
(0, 10265, 20105, 0.391789, 0.391789),
(0, 10265, 20103, 0.298361, 0.298361),
(0, 10265, 20101, 0.289149, 0.289149),
(0, 10265, 20102, 0.276992, 0.276992),
(0, 10265, 20114, 0.204392, 0.204392),
(0, 10265, 20115, 0.127386, 0.127386),
(0, 10265, 20117, 0.0607395, 0.0607395),
(0, 10267, 20101, 3.10335, 1.89665),
(0, 10267, 20105, 0.80095, 0.80095),
(0, 10267, 20117, 0.567545, 0.567545),
(0, 10267, 20102, 0.404926, 0.404926),
(0, 10267, 20118, 0.380481, 0.380481),
(0, 10267, 20103, 0.220379, 0.220379),
(0, 10267, 20114, 0.103979, 0.103979),
(0, 10267, 20115, 0.0552022, 0.0552022),
(0, 10267, 20104, -0.0495788, 0.0495788),
(0, 10268, 20105, 2.07835, 0.921653),
(0, 10268, 20101, 0.8263, 0.8263),
(0, 10268, 20115, 0.783245, 0.783245),
(0, 10268, 20118, 0.716592, 0.716592),
(0, 10268, 20102, 0.562675, 0.562675),
(0, 10268, 20114, 0.432494, 0.432494),
(0, 10268, 20103, 0.372415, 0.372415),
(0, 10268, 20104, 0.192469, 0.192469),
(0, 10268, 20117, 0.156772, 0.156772),
(0, 10269, 20118, 3.27121, 1.72879),
(0, 10269, 20104, 2.88636, 1.11364),
(0, 10269, 20101, -0.172086, 0.172086),
(0, 10269, 20102, -0.145843, 0.145843),
(0, 10269, 20114, 0.100868, 0.100868),
(0, 10269, 20115, -0.0834396, 0.0834396),
(0, 10269, 20117, 0.0727281, 0.0727281),
(0, 10269, 20105, 0.0346473, 0.0346473),
(0, 10269, 20103, -0.0326499, 0.0326499),
(0, 10270, 20102, 3.18121, 1.81879),
(0, 10270, 20101, 2.47305, 1.52695),
(0, 10270, 20105, 0.736916, 0.736916),
(0, 10270, 20117, 0.690974, 0.690974),
(0, 10270, 20104, -0.365086, 0.365086),
(0, 10270, 20115, -0.246308, 0.246308),
(0, 10270, 20118, 0.177987, 0.177987),
(0, 10270, 20103, -0.0378642, 0.0378642),
(0, 10270, 20114, -0.0277084, 0.0277084),
(0, 10271, 20103, 2.34773, 1.65227),
(0, 10271, 20117, 0.963537, 0.963537),
(0, 10271, 20118, 0.570937, 0.570937),
(0, 10271, 20114, 0.477209, 0.477209),
(0, 10271, 20101, 0.389301, 0.389301),
(0, 10271, 20105, 0.282816, 0.282816),
(0, 10271, 20102, 0.246652, 0.246652),
(0, 10271, 20115, 0.157172, 0.157172),
(0, 10271, 20104, 0.128665, 0.128665),
(0, 10272, 20118, 3.02745, 1.97255),
(0, 10272, 20104, 0.801367, 0.801367),
(0, 10272, 20105, 0.335557, 0.335557),
(0, 10272, 20103, 0.223616, 0.223616),
(0, 10272, 20102, 0.200982, 0.200982),
(0, 10272, 20101, 0.18192, 0.18192),
(0, 10272, 20114, 0.112852, 0.112852),
(0, 10272, 20115, 0.0499831, 0.0499831),
(0, 10272, 20117, -0.0338001, 0.0338001),
(0, 10273, 20103, 3.28573, 1.71427),
(0, 10273, 20117, 2.92988, 1.07012),
(0, 10273, 20101, 0.414125, 0.414125),
(0, 10273, 20102, 0.30564, 0.30564),
(0, 10273, 20105, -0.200123, 0.200123),
(0, 10273, 20115, -0.181095, 0.181095),
(0, 10273, 20104, 0.173381, 0.173381),
(0, 10273, 20118, 0.140839, 0.140839),
(0, 10273, 20114, 0.0679612, 0.0679612),
(0, 10274, 20101, 3.10335, 1.89665),
(0, 10274, 20105, 0.80095, 0.80095),
(0, 10274, 20117, 0.567545, 0.567545),
(0, 10274, 20102, 0.404926, 0.404926),
(0, 10274, 20118, 0.380481, 0.380481),
(0, 10274, 20103, 0.220379, 0.220379),
(0, 10274, 20114, 0.103979, 0.103979),
(0, 10274, 20115, 0.0552022, 0.0552022),
(0, 10274, 20104, -0.0495788, 0.0495788),
(0, 10275, 20102, 2.75553, 1.24447),
(0, 10275, 20105, 2.0566, 0.943402),
(0, 10275, 20101, 0.703703, 0.703703),
(0, 10275, 20115, 0.48095, 0.48095),
(0, 10275, 20118, 0.476873, 0.476873),
(0, 10275, 20117, 0.276099, 0.276099),
(0, 10275, 20114, 0.252492, 0.252492),
(0, 10275, 20104, -0.137296, 0.137296),
(0, 10275, 20103, 0.105506, 0.105506),
(0, 10276, 20118, 0.665706, 0.665706),
(0, 10276, 20114, 2.34619, 0.653805),
(0, 10276, 20103, 0.545582, 0.545582),
(0, 10276, 20105, 0.503075, 0.503075),
(0, 10276, 20101, 0.492429, 0.492429),
(0, 10276, 20115, 0.459821, 0.459821),
(0, 10276, 20102, 0.455989, 0.455989),
(0, 10276, 20104, 0.426003, 0.426003),
(0, 10276, 20117, 0.214543, 0.214543),
(0, 10277, 20115, 2.82325, 2.17675),
(0, 10277, 20105, 1.20584, 1.20584),
(0, 10277, 20114, 0.617727, 0.617727),
(0, 10277, 20118, 0.515742, 0.515742),
(0, 10277, 20101, 0.336423, 0.336423),
(0, 10277, 20103, 0.276621, 0.276621),
(0, 10277, 20104, 0.251765, 0.251765),
(0, 10277, 20102, 0.146975, 0.146975),
(0, 10277, 20117, 0.116478, 0.116478),
(0, 10278, 20105, 0.852367, 0.852367),
(0, 10278, 20118, 0.72605, 0.72605),
(0, 10278, 20115, 1.3915, 0.608501),
(0, 10278, 20114, 0.589422, 0.589422),
(0, 10278, 20101, 0.565408, 0.565408),
(0, 10278, 20103, 0.469053, 0.469053),
(0, 10278, 20102, 0.407408, 0.407408),
(0, 10278, 20104, 0.361057, 0.361057),
(0, 10278, 20117, 0.30993, 0.30993),
(0, 10279, 20105, 2.88407, 2.11593),
(0, 10279, 20118, 1.91353, 1.08647),
(0, 10279, 20115, 0.781869, 0.781869),
(0, 10279, 20101, 0.576771, 0.576771),
(0, 10279, 20102, 0.32241, 0.32241),
(0, 10279, 20117, -0.31493, 0.31493),
(0, 10279, 20104, 0.251973, 0.251973),
(0, 10279, 20114, 0.0658353, 0.0658353),
(0, 10279, 20103, -0.0017706, 0.0017706),
(0, 10280, 20101, 2.14924, 0.850763),
(0, 10280, 20105, 0.727257, 0.727257),
(0, 10280, 20118, 0.574791, 0.574791),
(0, 10280, 20117, 0.516086, 0.516086),
(0, 10280, 20102, 0.475368, 0.475368),
(0, 10280, 20103, 0.371164, 0.371164),
(0, 10280, 20114, 0.290608, 0.290608),
(0, 10280, 20115, 0.20792, 0.20792),
(0, 10280, 20104, 0.14382, 0.14382),
(0, 10290, 20118, 3.02745, 1.97255),
(0, 10290, 20104, 0.801367, 0.801367),
(0, 10290, 20105, 0.335557, 0.335557),
(0, 10290, 20103, 0.223616, 0.223616),
(0, 10290, 20102, 0.200982, 0.200982),
(0, 10290, 20101, 0.18192, 0.18192),
(0, 10290, 20114, 0.112852, 0.112852),
(0, 10290, 20115, 0.0499831, 0.0499831),
(0, 10290, 20117, -0.0338001, 0.0338001),
(0, 10291, 20118, 3.02745, 1.97255),
(0, 10291, 20104, 0.801367, 0.801367),
(0, 10291, 20105, 0.335557, 0.335557),
(0, 10291, 20103, 0.223616, 0.223616),
(0, 10291, 20102, 0.200982, 0.200982),
(0, 10291, 20101, 0.18192, 0.18192),
(0, 10291, 20114, 0.112852, 0.112852),
(0, 10291, 20115, 0.0499831, 0.0499831),
(0, 10291, 20117, -0.0338001, 0.0338001),
(0, 10292, 20117, 2.95513, 2.04487),
(0, 10292, 20101, 2.63747, 1.36253),
(0, 10292, 20102, 2.81123, 1.18877),
(0, 10292, 20103, 0.65436, 0.65436),
(0, 10292, 20115, -0.506123, 0.506123),
(0, 10292, 20114, -0.465098, 0.465098),
(0, 10292, 20105, 0.243025, 0.243025),
(0, 10292, 20118, -0.207418, 0.207418),
(0, 10292, 20104, -0.131359, 0.131359),
(0, 10293, 20103, 2.78533, 2.21467),
(0, 10293, 20117, 1.0947, 1.0947),
(0, 10293, 20118, 0.497107, 0.497107),
(0, 10293, 20114, 0.453873, 0.453873),
(0, 10293, 20101, 0.307111, 0.307111),
(0, 10293, 20105, 0.199341, 0.199341),
(0, 10293, 20102, 0.163058, 0.163058),
(0, 10293, 20115, 0.087216, 0.087216),
(0, 10293, 20104, 0.0523522, 0.0523522),
(0, 10294, 20115, 3.07691, 1.92309),
(0, 10294, 20114, 2.30133, 0.698668),
(0, 10294, 20117, -0.29596, 0.29596),
(0, 10294, 20118, 0.215418, 0.215418),
(0, 10294, 20101, 0.182945, 0.182945),
(0, 10294, 20104, 0.0828833, 0.0828833),
(0, 10294, 20103, 0.0749123, 0.0749123),
(0, 10294, 20105, 2.06662, 0.0666169),
(0, 10294, 20102, 0.00969675, 0.00969675),
(0, 10295, 20105, 2.56556, 1.43444),
(0, 10295, 20115, 0.898661, 0.898661),
(0, 10295, 20101, 0.862379, 0.862379),
(0, 10295, 20118, 0.666705, 0.666705),
(0, 10295, 20102, 0.556557, 0.556557),
(0, 10295, 20114, 0.386474, 0.386474),
(0, 10295, 20103, 0.29744, 0.29744),
(0, 10295, 20104, 0.111986, 0.111986),
(0, 10295, 20117, 0.0627307, 0.0627307),
(0, 10296, 20118, 2.16297, 0.83703),
(0, 10296, 20104, 0.654387, 0.654387),
(0, 10296, 20105, 0.448021, 0.448021),
(0, 10296, 20101, 0.396378, 0.396378),
(0, 10296, 20103, 0.373106, 0.373106),
(0, 10296, 20102, 0.353001, 0.353001),
(0, 10296, 20114, 0.295932, 0.295932),
(0, 10296, 20115, 0.204789, 0.204789),
(0, 10296, 20117, 0.155279, 0.155279),
(0, 10297, 20101, 3.24767, 1.75233),
(0, 10297, 20105, 2.74979, 1.25021),
(0, 10297, 20115, 0.516866, 0.516866),
(0, 10297, 20102, 0.380453, 0.380453),
(0, 10297, 20104, -0.371511, 0.371511),
(0, 10297, 20117, 0.191378, 0.191378),
(0, 10297, 20118, 0.180931, 0.180931),
(0, 10297, 20114, -0.0800979, 0.0800979),
(0, 10297, 20103, -0.0795216, 0.0795216),
(0, 10298, 20118, 3.27121, 1.72879),
(0, 10298, 20104, 2.88636, 1.11364),
(0, 10298, 20101, -0.172086, 0.172086),
(0, 10298, 20102, -0.145843, 0.145843),
(0, 10298, 20114, 0.100868, 0.100868),
(0, 10298, 20115, -0.0834396, 0.0834396),
(0, 10298, 20117, 0.0727281, 0.0727281),
(0, 10298, 20105, 0.0346473, 0.0346473),
(0, 10298, 20103, -0.0326499, 0.0326499),
(0, 10299, 20117, 2.8358, 2.1642),
(0, 10299, 20101, 2.76006, 1.23994),
(0, 10299, 20103, 0.921269, 0.921269),
(0, 10299, 20102, 0.618375, 0.618375),
(0, 10299, 20114, -0.285096, 0.285096),
(0, 10299, 20105, 0.264775, 0.264775),
(0, 10299, 20115, -0.203827, 0.203827),
(0, 10299, 20104, 0.198406, 0.198406),
(0, 10299, 20118, 0.0323009, 0.0323009),
(0, 10300, 20103, 1.91013, 1.08987),
(0, 10300, 20117, 0.832377, 0.832377),
(0, 10300, 20118, 0.644766, 0.644766),
(0, 10300, 20114, 0.500545, 0.500545),
(0, 10300, 20101, 0.471492, 0.471492),
(0, 10300, 20105, 0.366292, 0.366292),
(0, 10300, 20102, 0.330246, 0.330246),
(0, 10300, 20115, 0.227129, 0.227129),
(0, 10300, 20104, 0.204978, 0.204978),
(0, 10301, 20118, 0.665706, 0.665706),
(0, 10301, 20114, 2.34619, 0.653805),
(0, 10301, 20103, 0.545582, 0.545582),
(0, 10301, 20105, 0.503075, 0.503075),
(0, 10301, 20101, 0.492429, 0.492429),
(0, 10301, 20115, 0.459821, 0.459821),
(0, 10301, 20102, 0.455989, 0.455989),
(0, 10301, 20104, 0.426003, 0.426003),
(0, 10301, 20117, 0.214543, 0.214543),
(0, 10302, 20115, 2.82325, 2.17675),
(0, 10302, 20105, 1.20584, 1.20584),
(0, 10302, 20114, 0.617727, 0.617727),
(0, 10302, 20118, 0.515742, 0.515742),
(0, 10302, 20101, 0.336423, 0.336423),
(0, 10302, 20103, 0.276621, 0.276621),
(0, 10302, 20104, 0.251765, 0.251765),
(0, 10302, 20102, 0.146975, 0.146975),
(0, 10302, 20117, 0.116478, 0.116478),
(0, 10303, 20105, 3.05277, 1.94723),
(0, 10303, 20115, 1.01408, 1.01408),
(0, 10303, 20101, 0.898457, 0.898457),
(0, 10303, 20118, 0.616817, 0.616817),
(0, 10303, 20102, 0.550438, 0.550438),
(0, 10303, 20114, 0.340455, 0.340455),
(0, 10303, 20103, 0.222464, 0.222464),
(0, 10303, 20104, 0.0315032, 0.0315032),
(0, 10303, 20117, -0.0313111, 0.0313111),
(0, 10304, 20118, 2.59521, 1.40479),
(0, 10304, 20104, 0.727877, 0.727877),
(0, 10304, 20105, 0.391789, 0.391789),
(0, 10304, 20103, 0.298361, 0.298361),
(0, 10304, 20101, 0.289149, 0.289149),
(0, 10304, 20102, 0.276992, 0.276992),
(0, 10304, 20114, 0.204392, 0.204392),
(0, 10304, 20115, 0.127386, 0.127386),
(0, 10304, 20117, 0.0607395, 0.0607395),
(0, 10305, 20101, 3.10335, 1.89665),
(0, 10305, 20105, 0.80095, 0.80095),
(0, 10305, 20117, 0.567545, 0.567545),
(0, 10305, 20102, 0.404926, 0.404926),
(0, 10305, 20118, 0.380481, 0.380481),
(0, 10305, 20103, 0.220379, 0.220379),
(0, 10305, 20114, 0.103979, 0.103979),
(0, 10305, 20115, 0.0552022, 0.0552022),
(0, 10305, 20104, -0.0495788, 0.0495788),
(0, 10306, 20117, 3.22928, 1.77072),
(0, 10306, 20101, 2.51349, 1.48651),
(0, 10306, 20103, 2.23406, 0.765938),
(0, 10306, 20115, -0.413696, 0.413696),
(0, 10306, 20102, 0.367592, 0.367592),
(0, 10306, 20114, -0.355103, 0.355103),
(0, 10306, 20118, -0.189188, 0.189188),
(0, 10306, 20104, -0.0305331, 0.0305331),
(0, 10306, 20105, 0.0143482, 0.0143482),
(0, 10307, 20105, 3.02558, 1.97442),
(0, 10307, 20102, 3.29151, 1.70849),
(0, 10307, 20101, 0.745211, 0.745211),
(0, 10307, 20115, 0.636208, 0.636208),
(0, 10307, 20104, -0.380703, 0.380703),
(0, 10307, 20118, 0.317168, 0.317168),
(0, 10307, 20117, 0.117847, 0.117847),
(0, 10307, 20114, 0.115453, 0.115453),
(0, 10307, 20103, -0.111172, 0.111172),
(0, 10308, 20114, 2.93808, 1.06192),
(0, 10308, 20118, 0.598856, 0.598856),
(0, 10308, 20103, 0.528329, 0.528329),
(0, 10308, 20115, 0.467429, 0.467429),
(0, 10308, 20105, 0.465194, 0.465194),
(0, 10308, 20104, 0.423364, 0.423364),
(0, 10308, 20101, 0.417217, 0.417217),
(0, 10308, 20102, 0.414308, 0.414308),
(0, 10308, 20117, 0.139758, 0.139758),
(0, 10309, 20115, 3.18485, 1.81515),
(0, 10309, 20104, 1.49357, 1.50643),
(0, 10309, 20105, 2.929, 1.071),
(0, 10309, 20118, 0.499014, 0.499014),
(0, 10309, 20114, 0.424662, 0.424662),
(0, 10309, 20103, -0.215479, 0.215479),
(0, 10309, 20101, 0.215233, 0.215233),
(0, 10309, 20117, -0.179793, 0.179793),
(0, 10309, 20102, -0.137617, 0.137617);

-- --------------------------------------------------------

--
-- Table structure for table `produk`
--

CREATE TABLE `produk` (
  `id_produk` int(11) NOT NULL,
  `id_kategori` int(11) NOT NULL,
  `nama_produk` varchar(255) NOT NULL,
  `deskripsi_produk` text NOT NULL,
  `harga` decimal(10,0) NOT NULL,
  `sampul` varchar(255) NOT NULL,
  `nilai_mae` float NOT NULL DEFAULT 0,
  `created_at` datetime NOT NULL,
  `updated_at` datetime NOT NULL
) ENGINE=InnoDB DEFAULT CHARSET=utf8mb4;

--
-- Dumping data for table `produk`
--

INSERT INTO `produk` (`id_produk`, `id_kategori`, `nama_produk`, `deskripsi_produk`, `harga`, `sampul`, `nilai_mae`, `created_at`, `updated_at`) VALUES
(20101, 2, '2 Hari 1 Malam [Camping Desa Sembalun]', '<p>Kami menyediakan tour dengan waktu 2 hari 1 malam di daratan tinggi sembalun. Tour ini disajikan untuk anda yang ingin merasakan sensasi camping tapi males mendaki, paket trip ini menjadi solusi yang tepat.</p>\n\n<hr />\n<p><strong>Rencana Perjalanan&nbsp;</strong></p>\n\n<p>Day 1 :</p>\n\n<ul>\n	<li>Penjemputan di meeting point</li>\n	<li>Menuju Desa Sembalun</li>\n	<li>Mendirikan tenda</li>\n	<li>Menikmati suasana malam di camping ground</li>\n	<li>Makan malam</li>\n	<li>Istirahat</li>\n</ul>\n\n<p>Day 2 :</p>\n\n<ul>\n	<li>Bangun lebih pagi</li>\n	<li>Menikmati susana pagi Sembalun</li>\n	<li>Menuju Punck Sembalun</li>\n	<li>Petik strawberry</li>\n	<li>Sarapan di Kedai Sawah</li>\n	<li>Menuju Bukit Selong</li>\n	<li>Pengantaran ke meeting point</li>\n	<li>Sayonara see you next trip</li>\n</ul>\n\n<hr />\n<p>Paket ini memiliki include dan exclude tersendiri.</p>\n\n<p>Include :</p>\n\n<ul>\n	<li>Mobil + Driver</li>\n	<li>Tour Guide</li>\n	<li>Perlengkapan camping</li>\n	<li>Perlengkapan masak</li>\n	<li>Tiket petik strawberry</li>\n	<li>Kopi</li>\n	<li>Tiket masuk wisata</li>\n	<li>Parkir</li>\n</ul>\n\n<p>Exclude :</p>\n\n<ul>\n	<li>Makanan ringan</li>\n	<li>Tipping untuk tour guide</li>\n	<li>Kebutuhan pribadi</li>\n</ul>\n\n<hr />\n<p>Silahkan pesan paket tour mu sekarang dengan cara login terlebih dahulu kemudian isi form order yang ada di samping kanan.&nbsp;</p>\n\n<p>Jika ada pertanyaan, hubungi kami melalui WhatsApp kami yang berada di pojok kanan bawah.</p>\n', '470000', '62886f682fc2a (1).jpg', 0.635916, '0000-00-00 00:00:00', '2022-12-22 20:34:14'),
(20102, 2, '3 Hari 2 Malam [Explore Gili]', '<p>Kami menyediakan tour dengan waktu 3 hari 2 malam didaerah gili Lombok. JIka anda yang ingin merasakan sensasi pantai, dan laut, paket trip ini menjadi solusi yang tepat.</p>\r\n\r\n<hr />\r\n<p><strong>Rencana Perjalanan :</strong></p>\r\n\r\n<p>Day 1:</p>\r\n\r\n<ul>\r\n	<li>Penjemputan di titik jemput</li>\r\n	<li>Desa Sukarare</li>\r\n	<li>Desa Sade</li>\r\n	<li>Pantai Kuta&nbsp;</li>\r\n	<li>Bukit Merese (Pilihan 1)</li>\r\n	<li>Pantai Tanjung Aan (Pilihan 1)</li>\r\n	<li>Pantai Mawun (Pilihan 2)</li>\r\n	<li>Pantai Selong Belanak (Pilihan2)</li>\r\n</ul>\r\n\r\n<p>Day 2:</p>\r\n\r\n<ul>\r\n	<li>Villa Hantu</li>\r\n	<li>Bukit Malimbu&nbsp;</li>\r\n	<li>Bukit Malaka&nbsp;</li>\r\n	<li>Bukit Kecinan&nbsp;</li>\r\n	<li>Gili Air, Meno, dan Trawangan (Snorkeling)</li>\r\n</ul>\r\n\r\n<p>Day 3:</p>\r\n\r\n<ul>\r\n	<li>Souvenir Center</li>\r\n	<li>Islamic Centre NTB</li>\r\n	<li>Antar ke bandara atau hotel</li>\r\n</ul>\r\n\r\n<hr />\r\n<p>Paket ini memiliki include dan exclude tersendiri.</p>\r\n\r\n<p>Include :</p>\r\n\r\n<ul>\r\n	<li>Mobil + Driver</li>\r\n	<li>Tour Guide</li>\r\n	<li>Perlengkapan camping</li>\r\n	<li>Perlengkapan masak</li>\r\n	<li>Tiket petik strawberry</li>\r\n	<li>Kopi</li>\r\n	<li>Tiket masuk wisata</li>\r\n	<li>Parkir</li>\r\n</ul>\r\n\r\n<p>Exclude :</p>\r\n\r\n<ul>\r\n	<li>Makanan ringan</li>\r\n	<li>Tipping untuk tour guide</li>\r\n	<li>Kebutuhan pribadi</li>\r\n</ul>\r\n\r\n<hr />\r\n<p><strong>Persediaan:</strong></p>\r\n\r\n<ul>\r\n	<li>Harga sesuai dengan hotel yang dipilih dan harga diatas adalah per orang.</li>\r\n	<li>Harga dapat berubah sewaktu-waktu mengikuti season (LS/HS/PS)</li>\r\n	<li>Ada biaya tambahan untuk upgrade kamar.</li>\r\n	<li>Jika jumlah peserta ganjil, maka 1 peserta akan menggunakan extra bed.<br />\r\n	Contoh :<br />\r\n	3 peserta mendapatkan 1 kamar dengan extra bed<br />\r\n	5 peserta mendapatkan 2 kamar dengan extra bed<br />\r\n	Trip ini bersifat private, tidak digabung dengan peserta lain.<br />\r\n	Bersyarat: rencana perjalanan di atas bersyarat<br />\r\n	Opsional : Pilih tujuan</li>\r\n</ul>\r\n\r\n<hr />\r\n<p>Notes:&nbsp;</p>\r\n\r\n<p>Untuk kedatangan sebaiknya menggunakan pesawat pagi sebelum jam 12. Untuk pulang, sebaiknya menggunakan pesawat pagi setelah jam 12. Sebelum melakukan pemesanan, akan lebih baik untuk berkonsultasi dengan admin.</p>\r\n\r\n<hr />\r\n<p>Silahkan pesan paket tour mu sekarang dengan cara login terlebih dahulu kemudian isi form order yang ada di samping kanan.&nbsp;</p>\r\n\r\n<p>Jika ada pertanyaan, hubungi kami melalui WhatsApp kami yang berada di pojok kanan bawah.</p>\r\n', '1380000', 'IMG_313.jpeg', 0.5051, '2022-11-15 08:16:53', '2022-12-22 20:34:14'),
(20103, 1, '1 Hari di Gili Kondo', '<p>Kami menyediakan tour dengan waktu singkat didaerah gili Kondo. JIka anda yang ingin merasakan sensasi pantai, dan laut, paket trip ini menjadi solusi yang tepat.</p>\r\n\r\n<p>&nbsp;</p>\r\n\r\n<hr />\r\n<p>Paket ini memiliki include dan exclude tersendiri.</p>\r\n\r\n<p>Include :</p>\r\n\r\n<ul>\r\n	<li>Mobil + Driver</li>\r\n	<li>Tour Guide</li>\r\n	<li>Tiket masuk wisata</li>\r\n	<li>Parkir</li>\r\n	<li>Penjemputan di Hotel atau Bandara</li>\r\n	<li>Gili kondo Harbor</li>\r\n	<li>Gili Bidara (snorkling)</li>\r\n	<li>Gili Petagan (snorkling)</li>\r\n	<li>Gili Pasir</li>\r\n	<li>Gili Kondo (snorkling)</li>\r\n	<li>Kembali Harbor</li>\r\n	<li>Antar ke Hotel</li>\r\n</ul>\r\n\r\n<p>Exclude :</p>\r\n\r\n<ul>\r\n	<li>Makanan ringan</li>\r\n	<li>Tipping untuk tour guide</li>\r\n	<li>Kebutuhan pribadi</li>\r\n</ul>\r\n\r\n<hr />\r\n<p><strong>Persediaan:</strong></p>\r\n\r\n<ul>\r\n	<li>Harga sesuai dengan hotel yang dipilih dan harga diatas adalah per orang.</li>\r\n	<li>Harga dapat berubah sewaktu-waktu mengikuti season (LS/HS/PS)</li>\r\n	<li>Ada biaya tambahan untuk upgrade kamar.</li>\r\n	<li>Jika jumlah peserta ganjil, maka 1 peserta akan menggunakan extra bed.<br />\r\n	Contoh :<br />\r\n	3 peserta mendapatkan 1 kamar dengan extra bed<br />\r\n	5 peserta mendapatkan 2 kamar dengan extra bed<br />\r\n	Trip ini bersifat private, tidak digabung dengan peserta lain.<br />\r\n	Bersyarat: rencana perjalanan di atas bersyarat<br />\r\n	Opsional : Pilih tujuan</li>\r\n</ul>\r\n\r\n<hr />\r\n<p><img alt=\"\" src=\"https://horizontourtravel.com/wp-content/uploads/2022/10/Gili-Kondo-Gili-Bidara-and-Gili-Petagan-Island-Hopping-Trip-from-Lombok.jpg\" style=\"height:158px; width:300px\" />&nbsp;<img alt=\"\" src=\"https://horizontourtravel.com/wp-content/uploads/2022/07/gili-nanggu.jpg\" style=\"height:158px; width:211px\" /></p>\r\n\r\n<hr />\r\n<p>Silahkan pesan paket tour mu sekarang dengan cara login terlebih dahulu kemudian isi form order yang ada di samping kanan.&nbsp;</p>\r\n\r\n<p>Jika ada pertanyaan, hubungi kami melalui WhatsApp kami yang berada di pojok kanan bawah.</p>\r\n', '855000', 'gili kondo 1.jpg', 0.494607, '2022-11-15 08:38:15', '2022-12-22 20:34:14'),
(20104, 1, '1 Hari di Mandalika', '<p>Cukup hanya satu hari anda bisa menjelajahi daerah ekonomi khusus mandalika, dengan mengunjungi tempat-tempat yang menjadi favorit wisatawan</p>\r\n\r\n<p>Mandalika merupakan daerah pesisir pulau Lombok, Mandalika menyimpan segudang keindahan alam dengan hamaparan pasir putih yang sangat indah di semua pantainya. Cukup hanya satu hari anda bisa menjelajahi daerah ekonomi khusus mandalika, dengan mengunjungi tempat-tempat yang menjadi favorit wisatawan, seperti pantai Tanjung Aan, Bukit Merese, Pantai Kuta, Bukit Seger,&nbsp; Pantai Selong Belanak, dan tentunya Sirkuit Mandalika. Tidak hanya sampai disitu di paket trip explore mandalika ini kami akan mengajak anda untuk belajar sejarah suku Sasak di desa Sade dan Desa Sukarara.</p>\r\n\r\n<hr />\r\n<p><strong>Rencana Perjalanan:</strong></p>\r\n\r\n<ul>\r\n	<li>Penjemputan bandara/hotel ( max jam 9.00 wita )</li>\r\n	<li>Menuju desa Sukarara&nbsp;</li>\r\n	<li>Makan siang</li>\r\n	<li>Menuju Desa Sade</li>\r\n	<li>Menuju pantai Kuta Mandalika&nbsp;</li>\r\n	<li>Bukit Seger&nbsp;</li>\r\n	<li>Sirkuit Mandalika</li>\r\n	<li>Bukit Merese dan Pantai Tanjung Aan</li>\r\n	<li>Makan malam&nbsp;</li>\r\n	<li>Kembali ke Hotel</li>\r\n	<li>Sayonara see you next trip</li>\r\n</ul>\r\n\r\n<hr />\r\n<p><strong>Notes:</strong></p>\r\n\r\n<ul>\r\n	<li>Premium dokumentasi with drone dan kamera DSLR tambahan biaya 600.000*</li>\r\n	<li>Free premium dokumentasi booking diatas 9 paket&nbsp;</li>\r\n	<li>Start trip max jam 9.00 Witan&nbsp;&nbsp;</li>\r\n	<li>Rescedule maksimal&nbsp; konfirmasi H-3 trip*</li>\r\n	<li>Anak &ndash; anak usia di bawah 6 th free&nbsp;</li>\r\n	<li>English tour guide tambahan biaya 450.000*</li>\r\n</ul>\r\n\r\n<p>*Konfirmasi kepada admin melalui whatsapp</p>\r\n\r\n<hr />\r\n<p><img alt=\"\" src=\"https://horizontourtravel.com/wp-content/uploads/2022/07/pantai-Tanjung-Aan.jpg\" style=\"height:158px; width:223px\" />&nbsp;<img alt=\"\" src=\"https://horizontourtravel.com/wp-content/uploads/2022/07/bukit-merese.jpg\" style=\"height:158px; width:281px\" />&nbsp;<img alt=\"\" src=\"https://horizontourtravel.com/wp-content/uploads/2022/07/bukit-merese.jpg\" style=\"height:158px; width:281px\" /></p>\r\n\r\n<hr />\r\n<p>Silahkan pesan paket tour mu sekarang dengan cara login terlebih dahulu kemudian isi form order yang ada di samping kanan.&nbsp;</p>\r\n\r\n<p>Jika ada pertanyaan, hubungi kami melalui WhatsApp kami yang berada di pojok kanan bawah.</p>\r\n', '450000', 'Bukit Seger (3).JPG', 0.418382, '2022-11-15 09:07:23', '2022-12-22 20:34:14'),
(20105, 3, 'Trek to Pergasingan Hill[Harian]', '<p>Bukit Pergasingan terletak di desa Sembalun, Lombok Timur, dengan ketinggian 1806 mdpl, bukit Pergasingan menawarkan suasana pendakian yang tidak kalah menyenangkan dari bukit atau gunung lain yang ada di Lombok, dari atas bukit Anda dapat menikmati suasana di atas mendung, melintasi persawahan desa Sembalun dan Gunung Rinjani yang gagah, sunset disini tidak kalah indahnya dengan tempat lain.</p>\r\n\r\n<hr />\r\n<ul>\r\n	<li>Penjemputan &ndash; Desa Sembalun &ndash; Puncak Pergasingan</li>\r\n	<li>Penjemputan Anda di hotel atau pelabuhan/bandara di Lombok pada pukul 6</li>\r\n	<li>Kami mulai trekking maksimal jam 10</li>\r\n	<li>Kami akan mendapatkan puncak setelah 3 jam trekking</li>\r\n	<li>Nikmati waktu di atas sambil makan buah dan minuman segar</li>\r\n	<li>Setelah 1 jam di puncak kemudian bersiap untuk turun ke Desa Sembalun</li>\r\n	<li>Mentransfer Anda ke tujuan berikutnya.</li>\r\n</ul>\r\n\r\n<hr />\r\n<p>HARGA SUDAH TERMASUK HARGA TREKKING RINJANI :</p>\r\n\r\n<ul>\r\n	<li>Menjemput Anda pada hari 0 dan mentransfer Anda setelah perjalanan Selesai,</li>\r\n	<li>Panduan Pendakian</li>\r\n	<li>Buah segar</li>\r\n	<li>Konsumsi air setiap hari dari air minum kemasan yang aman</li>\r\n	<li>Biaya masuk</li>\r\n</ul>\r\n\r\n<p>HARGA TIDAK TERMASUK HARGA TREKKING RINJANI:</p>\r\n\r\n<ul>\r\n	<li>Sepatu trekking</li>\r\n	<li>Makan siang</li>\r\n	<li>Jaket trekking</li>\r\n	<li>Pesawat tiket</li>\r\n	<li>Celana/celana panjang</li>\r\n	<li>Tip untuk guide dan porter</li>\r\n</ul>\r\n\r\n<hr />\r\n<ul>\r\n	<li>Pendakian ini cocok untuk pemula dan anak-anak</li>\r\n	<li>Cocok untuk anda yang tidak lama berada di lombok tapi ingin merasakan pendakian</li>\r\n	<li>Harganya tergantung dimana meeting pointnya</li>\r\n</ul>\r\n\r\n<hr />\r\n<p>Silahkan pesan paket tour mu sekarang dengan cara login terlebih dahulu kemudian isi form order yang ada di samping kanan.&nbsp;</p>\r\n\r\n<p>Jika ada pertanyaan, hubungi kami melalui WhatsApp kami yang berada di pojok kanan bawah.</p>\r\n', '998000', 'Salinan-Pergasingan-54.jpg', 0.655837, '2022-11-21 03:53:50', '2022-12-22 20:34:14'),
(20114, 4, 'Trekking Rinjani to Sangkareang[2 hari 1 malam]', '<p>Paket Pendakian Baru Trekking Rinjani ke tepi Kawah Senaru dan Puncak ke-2 gunung sangkareang 3.126 mdpl selama 2 hari 1 malam dimulai dari desa Senaru ke tepi kawah, puncak ke-2 (Gunung Sangkareang) dan kembali ke desa Senaru keesokan harinya.</p>\r\n\r\n<p>Program ini cocok untuk pendaki pemula maupun bagi anda yang ingin menikmati keindahan pemandangan dari bibir kawah Senaru dan 2nd Summit.</p>\r\n\r\n<hr />\r\n<p><strong>Hari Kedatangan :</strong></p>\r\n\r\n<p>Kami akan menjemput Anda di bandara Lombok atau tempat lain di pulau Lombok dan mengantar Anda ke hotel di Senaru. Temui Pemandu trekking Anda akan memberikan panduan untuk lebih mempersiapkan Anda dalam perjalanan.</p>\r\n\r\n<p><strong>Hari Pertama:</strong></p>\r\n\r\n<ul>\r\n	<li>Bangun jam 6:30 pagi dan sarapan. Setelah itu kita jalan kaki 10 menit ke Rinjani Trek Center Senaru untuk registrasi.</li>\r\n	<li>Trekking Rinjani dimulai dari Rinjani Trek Center Senaru sekitar pukul 08:00, mulai berjalan melalui hutan tropis yang lebat kaya akan flora, burung, dan berbagai jenis kupu-kupu. Berhentilah sejenak di Pos 2 Halte SATAS Montong (1.500 m) untuk minum teh dan biskuit. Setelah istirahat lanjutkan trekking selama 2 jam menuju Pos 3 Mondokan Lolak (2.000 m) untuk istirahat dan makan siang.</li>\r\n	<li>Setelah makan siang kita akan langsung meninggalkan Pos 3 dan menuju bibir kawah Senaru (2641m) selama 2 jam. Kawah Senaru memiliki pemandangan paling spektakuler setelah puncaknya. Kita akan menikmati matahari terbenam yang luar biasa di atas Gunung Agung di Bali dan asap dari gunung berapi baru di tepi danau dan berkemah di sini untuk bermalam.</li>\r\n</ul>\r\n\r\n<p><strong>Hari Kedua:</strong></p>\r\n\r\n<ul>\r\n	<li>Bangun jam 4.00 pagi dan setelah sarapan ringan dengan minuman panas dan roti panggang kita akan mendaki ke puncak ke-2 3.12 mdpl. saat Sunrise kita akan tiba di puncak dan menikmati sunrise di atas puncak Gunung Rinjani. Setelah puas menikmati panorama yang indah kita akan kembali ke bumi perkemahan untuk sarapan dan istirahat.</li>\r\n	<li>Setelah sarapan pagi dan istirahat, kita akan meninggalkan Gunung Rinjani untuk turun ke desa Senaru melewati hutan hujan. Jika kita beruntung, kita bisa melihat monyet hitam yang langka. Dibutuhkan 5 jam dan kami akan makan siang di sepanjang jalan. Tiba di desa Senaru (601 m) Mobil akan membawa Anda ke tujuan selanjutnya.</li>\r\n</ul>\r\n\r\n<hr />\r\n<p>Harga Termasuk:</p>\r\n\r\n<ul>\r\n	<li>Ambil dan transfer</li>\r\n	<li>Penginapan malam di Senaru</li>\r\n	<li>Pemandu trekking Porter</li>\r\n	<li>Makanan dan minuman,</li>\r\n	<li>Tenda, tenda toilet, kantong tidur, dan kasur</li>\r\n	<li>Biaya masuk taman nasional Rp300.000/trekker/trip (Rp150.000/orang/hari)</li>\r\n	<li>Pertolongan pertama pada kecelakaan</li>\r\n	<li>Asuransi perjalanan masuk</li>\r\n	<li>Menjemput Anda pada hari 0 dan mentransfer Anda setelah perjalanan Selesai,</li>\r\n	<li>Pemandu Trekking Rinjani</li>\r\n	<li>Porter untuk membawa perlengkapan logistik dan trek (tidak termasuk untuk membawa tas pribadi Anda)</li>\r\n	<li>Makan full board selama program perjalanan; sarapan, makan siang, makan malam, kopi atau teh, cokelat panas, makanan ringan, buah-buahan segar</li>\r\n	<li>Semua peralatan berkemah; tenda berkemah ukuran ganda, kasur, kantong tidur, tenda toilet, kursi berkemah.</li>\r\n	<li>Konsumsi air setiap hari dari air minum kemasan yang aman</li>\r\n	<li>Biaya masuk</li>\r\n	<li>Akomodasi malam di senaru atau Sembalun sebelum perjalanan.</li>\r\n</ul>\r\n\r\n<p><br />\r\nHarga Tidak Termasuk:</p>\r\n\r\n<ul>\r\n	<li>Head lamp/obor tangan</li>\r\n	<li>Paket tas kecil / paket harian</li>\r\n	<li>Sepatu trekking</li>\r\n	<li>Jaket trekking</li>\r\n	<li>Pesawat tiket</li>\r\n	<li>Porter tambahan untuk bagasi sendiri (22$/hari)</li>\r\n	<li>Celana/celana panjang</li>\r\n	<li>Tip untuk guide dan porter</li>\r\n</ul>\r\n\r\n<hr />\r\n<p><strong>CATATAN !!</strong><br />\r\nKetika Anda memesan perjalanan Anda melalui Horizon Tour and Travel, Anda akan diberikan Pemandu Gunung Berbahasa Inggris dan porter lokal dan sebagian besar kebutuhan berkemah seperti tenda, kantong tidur, kasur, perlengkapan memasak. dll.</p>\r\n\r\n<p>Namun, pemandu gunung dan porter kami hanya bertugas untuk membawa semua peralatan berkemah (tenda, kantong tidur, matras, dll), peralatan masak dan logistik yang diperlukan selama program (makanan, air, makanan ringan, buah-buahan, minuman ringan, dll) mereka tidak bertanggung jawab untuk membawa barang-barang pribadi Anda.</p>\r\n\r\n<hr />\r\n<p>Silahkan pesan paket tour mu sekarang dengan cara login terlebih dahulu kemudian isi form order yang ada di samping kanan.&nbsp;</p>\r\n\r\n<p>Jika ada pertanyaan, hubungi kami melalui WhatsApp kami yang berada di pojok kanan bawah.</p>\r\n', '2100000', 'rinjani.jpg', 0.392703, '2022-12-20 19:40:16', '2022-12-22 20:34:14'),
(20115, 4, 'Trekking Danau Segara Anak [3 hari 1 malam]', '<p><strong>Mulai dari Senaru, berakhir di Desa Torean.</strong></p>\r\n\r\n<p>Rancangan program Summit Rinjani untuk menjelajahi semua sisi gunung Rinjani dari jalur trekking Senaru dan kembali melalui jalur trekking Torean. Program Rinjani 3 hari akan memberi Anda pengalaman trekking dan perjalanan petualangan terbaik.</p>\r\n\r\n<hr />\r\n<p><strong>Day 1&nbsp;Senaru Village &ndash; Senaru Crater Rim (2,641 m) :</strong></p>\r\n\r\n<ul>\r\n	<li>Pendakian dimulai pukul 07:30-08:00 setelah terdaftar di Rinjani Trekking Center.</li>\r\n	<li>Dalam 30 menit pertama kita akan berjalan di jalan terbuka perkebunan kopi, bambu, dan masih banyak lagi perkebunan milik masyarakat lokal di desa Senaru.</li>\r\n	<li>Kita akan istirahat sejenak 10-15 menit begitu sampai di gerbang hutan hujan tropis.</li>\r\n	<li>Kemudian kita bisa melanjutkan trekking melalui hutan dimana kita akan berjalan di suhu yang lembab dan terlindung dari sinar matahari.</li>\r\n	<li>Anda akan menemukan banyak pohon besar dan suara binatang seperti dari monyet hitam atau coklat.</li>\r\n	<li>Ini bisa memakan waktu hingga 3 jam berjalan kaki untuk mencapai POS-2 MONTONG SATAS (1.500 m) di mana kita bisa istirahat dan istirahat lagi.</li>\r\n	<li>Anda akan disajikan dengan minuman ringan, kerupuk, dan buah-buahan segar seperti pisang atau nanas.</li>\r\n	<li>Setelah istirahat Anda akan membutuhkan 2 jam lagi trekking terbuka melewati perkebunan stroberi untuk mencapai POS-3 MONDOKAN LOKAK (2.000 m).</li>\r\n	<li>Kami akan makan siang di sini termasuk makanan ringan dan buah-buahan segar.</li>\r\n	<li>Ketahuilah bahwa di sini Anda dapat menemukan banyak monyet coklat yang dapat mencuri barang-barang kecil Anda tanpa pengawasan.</li>\r\n	<li>Setelah makan siang kita akan melanjutkan trekking dari hutan hujan tropis menuju savana dengan pemandangan yang sangat indah.</li>\r\n	<li>Beristirahat sejenak di CEMARA LIMA kemudian melanjutkan trekking ke Pelawangan 1, Lingkar Kawah Senaru (2.641 m) selama sekitar satu jam dengan jalan berbatu dan cukup terjal.</li>\r\n	<li>Kami akan mendirikan kemah dan bermalam dengan makan malam yang disediakan.</li>\r\n	<li>Anda akan mendapatkan pemandangan dan momen yang menakjubkan sebagai berikut:\r\n	<ul>\r\n		<li>Matahari terbenam yang spektakuler di atas 3 Gili (pulau kecil) dan Gunung Agung di Bali.</li>\r\n		<li>Matahari terbit dari lembah Gunung Sanggka Reyang.</li>\r\n		<li>Asap keluar dari gunung berapi baru di tengah danau Segara Anak.</li>\r\n		<li>Puncak Gunung Rinjani.</li>\r\n		<li>Tidur nyenyak di bawah bintang-bintang.</li>\r\n	</ul>\r\n	</li>\r\n</ul>\r\n\r\n<hr />\r\n<p><strong>Day 2:</strong></p>\r\n\r\n<ul>\r\n	<li>Setelah sarapan pagi dan menikmati sunrise, kita akan turun ke danau Segara Anak, waktu tempuh kurang lebih 2 jam.</li>\r\n	<li>Rutenya cukup curam dan licin, Anda harus berhati-hati dan mengikuti instruksi dari pemandu trekking Anda dan tetap dekat dengan dia atau porter.</li>\r\n	<li>Anda akan menemukan pemandangan indah dari gunung berapi kecil yang terletak di depan pandangan Anda.</li>\r\n	<li>Anda bisa bersantai dan beristirahat ketika sudah sampai di danau Segara Anak dengan pemandian air panas hanya 10 menit berjalan kaki dari danau.</li>\r\n	<li>Air dari sumber air panas ini mengandung Belerang yang dipercaya dapat menyembuhkan berbagai penyakit kulit.</li>\r\n	<li>Makan siang akan disediakan di samping danau Segara Anak.</li>\r\n	<li>Setelah makan siang dan istirahat, Anda bisa berenang atau memancing bersama penduduk setempat.</li>\r\n	<li>Makan malam akan disediakan di sini dan kita akan menginap.</li>\r\n</ul>\r\n\r\n<hr />\r\n<p><strong>Day 3:</strong></p>\r\n\r\n<ul>\r\n	<li>Setelah sarapan pagi jam 07.30-08.00 kita akan meninggalkan danau menuju Torean Crater Rim.</li>\r\n	<li>Sekitar 400 meter Anda akan menemukan sebuah gua (GOA SUSU) dengan mata air panas di dalamnya</li>\r\n	<li>Makan siang akan diselenggarakan di POS-2 CEMARA NUMGGAL.</li>\r\n	<li>Setelah makan siang dan istirahat sejenak kemudian kita akan kembali turun ke desa Torean dengan perkiraan kedatangan pada pukul 17:00-18:00</li>\r\n	<li>Anda berjalan menyusuri sungai yang indah, rumput sabana, hutan tropis, dan Anda akan menabrak air terjun yang indah (air terjun Penimbungan)</li>\r\n	<li>Mobil kami akan siap mengantarkan Anda untuk mengambil sisa barang bawaan Anda dan pergi ke bandara atau tujuan Anda selanjutnya di pulau Lombok.</li>\r\n</ul>\r\n\r\n<hr />\r\n<p>Harga Termasuk:</p>\r\n\r\n<ul>\r\n	<li>Ambil dan transfer</li>\r\n	<li>Penginapan malam di Senaru</li>\r\n	<li>Pemandu trekking Porter</li>\r\n	<li>Makanan dan minuman,</li>\r\n	<li>Tenda, tenda toilet, kantong tidur, dan kasur</li>\r\n	<li>Biaya masuk taman nasional Rp300.000/trekker/trip (Rp150.000/orang/hari)</li>\r\n	<li>Pertolongan pertama pada kecelakaan</li>\r\n	<li>Asuransi perjalanan masuk</li>\r\n	<li>Menjemput Anda pada hari 0 dan mentransfer Anda setelah perjalanan Selesai,</li>\r\n	<li>Pemandu Trekking Rinjani</li>\r\n	<li>Porter untuk membawa perlengkapan logistik dan trek (tidak termasuk untuk membawa tas pribadi Anda)</li>\r\n	<li>Makan full board selama program perjalanan; sarapan, makan siang, makan malam, kopi atau teh, cokelat panas, makanan ringan, buah-buahan segar</li>\r\n	<li>Semua peralatan berkemah; tenda berkemah ukuran ganda, kasur, kantong tidur, tenda toilet, kursi berkemah.</li>\r\n	<li>Konsumsi air setiap hari dari air minum kemasan yang aman</li>\r\n	<li>Biaya masuk</li>\r\n	<li>Akomodasi malam di senaru atau Sembalun sebelum perjalanan.</li>\r\n</ul>\r\n\r\n<p><br />\r\nHarga Tidak Termasuk:</p>\r\n\r\n<ul>\r\n	<li>Head lamp/obor tangan</li>\r\n	<li>Paket tas kecil / paket harian</li>\r\n	<li>Sepatu trekking</li>\r\n	<li>Jaket trekking</li>\r\n	<li>Pesawat tiket</li>\r\n	<li>Porter tambahan untuk bagasi sendiri (22$/hari)</li>\r\n	<li>Celana/celana panjang</li>\r\n	<li>Tip untuk guide dan porter</li>\r\n</ul>\r\n\r\n<hr />\r\n<p><strong>CATATAN !!</strong><br />\r\nKetika Anda memesan perjalanan Anda melalui Horizon Tour and Travel, Anda akan diberikan Pemandu Gunung Berbahasa Inggris dan porter lokal dan sebagian besar kebutuhan berkemah seperti tenda, kantong tidur, kasur, perlengkapan memasak. dll.</p>\r\n\r\n<p>Namun, pemandu gunung dan porter kami hanya bertugas untuk membawa semua peralatan berkemah (tenda, kantong tidur, matras, dll), peralatan masak dan logistik yang diperlukan selama program (makanan, air, makanan ringan, buah-buahan, minuman ringan, dll) mereka tidak bertanggung jawab untuk membawa barang-barang pribadi Anda.</p>\r\n\r\n<hr />\r\n<p>Silahkan pesan paket tour mu sekarang dengan cara login terlebih dahulu kemudian isi form order yang ada di samping kanan.&nbsp;</p>\r\n\r\n<p>Jika ada pertanyaan, hubungi kami melalui WhatsApp kami yang berada di pojok kanan bawah.</p>\r\n', '2800000', 'shutterstock_162563039.jpg', 0.404704, '2022-12-20 19:57:18', '2022-12-22 20:34:14'),
(20117, 4, 'Trekking Kawah Senaru [2 hari 1 malam]', '<p>Program trekking menarik bagi mereka yang memiliki waktu singkat, ini memberikan pemandangan Danau Segara Anak yang spektakuler di dalam kawah gunung berapi. Trekking ini tersedia untuk anak-anak minimal 7 tahun. Tur dapat berangkat setiap hari kecuali kondisi cuaca tidak memungkinkan.</p>\r\n\r\n<hr />\r\n<p><strong>Ikhtisar Pendakian:</strong></p>\r\n\r\n<p>Lewati hutan tropis yang megah (pohon besar dan trawberry lokal), jalur bayangan.<br />\r\nNikmati suasana hutan dengan suara burung, binatang buas (monyet hitam, monyet coklat, dll).<br />\r\nPemandangan spektakuler dari Gili, desa Senaru dan hutan tropis hijau dari Cemara Lima.<br />\r\nDanau Segara Anak yang unik dan air panas.<br />\r\nPemandangan menakjubkan dari kawah RIM Senaru di atas pemandangan Segara Anak (Sunset dan Sunrise).</p>\r\n\r\n<hr />\r\n<p><strong>Day 1:</strong></p>\r\n\r\n<ul>\r\n	<li>Makan pagi di perkemahan kami ( Horizon Tour and Travel )</li>\r\n	<li>Pendaftaran di RTC ( Rinjani Trekking Center Senaru 601m )</li>\r\n	<li>Persiapan trekking pada pukul 07.30 &ndash; 08.00</li>\r\n	<li>Berjalan di pemandangan terbuka 30 menit dengan tanaman hijau pohon kopi, Bambu, dll</li>\r\n	<li>Lewat jalan kaki 30 menit lagi menuju gerbang hutan hujan tropis, istirahat sejenak 15 menit</li>\r\n	<li>Lanjutkan berjalan melalui hutan di mana kita akan dibayangi matahari 3 jam ke POS 2 ( MONTONG SATAS 1.500m ), terlihat Monyet hitam dan pohon besar di jalan setapak.</li>\r\n	<li>Istirahat di POS 2, siapkan buah-buahan segar dan minuman ringan oleh Guide dan porter kami</li>\r\n	<li>Lanjut ke POS 3 ( MONDOKAN LOLAK 2.000m ) melewati hutan tropis, trawbery lokal ( Juni, Juli, Agustus ), jalan kaki 3 jam, makan siang akan disiapkan di POS 3 ( Buah segar, snack / biskuit dan makan siang )</li>\r\n	<li>Setelah 1 jam 30 menit istirahat, lanjut ke Lingkar Kawah Senaru ( 2.641m ) jalan kaki satu jam</li>\r\n	<li>Berkemah dan bermalam di kawah RIM Senaru, nikmati matahari terbenam yang menakjubkan di atas 3 Gili dan Gunung Agung Bali</li>\r\n</ul>\r\n\r\n<p><strong>Day 2:</strong></p>\r\n\r\n<ul>\r\n	<li>Sarapan dan menikmati matahari terbit dengan pemandangan Danau Segara Anak yang indah</li>\r\n	<li>Berjalan kaki ke desa Senaru selama 4-5 jam</li>\r\n	<li>Akan tiba di desa Senaru sekitar pukul 13.00</li>\r\n	<li>Persiapkan barang bawaan Anda, lalu transfer ke tujuan Anda selanjutnya (pelabuhan Senggigi, Mataram atau Bangsal)</li>\r\n</ul>\r\n\r\n<hr />\r\n<p>Harga Termasuk:</p>\r\n\r\n<ul>\r\n	<li>Ambil dan transfer</li>\r\n	<li>Penginapan malam di Senaru</li>\r\n	<li>Pemandu trekking Porter</li>\r\n	<li>Makanan dan minuman,</li>\r\n	<li>Tenda, tenda toilet, kantong tidur, dan kasur</li>\r\n	<li>Biaya masuk taman nasional Rp300.000/trekker/trip (Rp150.000/orang/hari)</li>\r\n	<li>Pertolongan pertama pada kecelakaan</li>\r\n	<li>Asuransi perjalanan masuk</li>\r\n	<li>Menjemput Anda pada hari 0 dan mentransfer Anda setelah perjalanan Selesai,</li>\r\n	<li>Pemandu Trekking Rinjani</li>\r\n	<li>Porter untuk membawa perlengkapan logistik dan trek (tidak termasuk untuk membawa tas pribadi Anda)</li>\r\n	<li>Makan full board selama program perjalanan; sarapan, makan siang, makan malam, kopi atau teh, cokelat panas, makanan ringan, buah-buahan segar</li>\r\n	<li>Semua peralatan berkemah; tenda berkemah ukuran ganda, kasur, kantong tidur, tenda toilet, kursi berkemah.</li>\r\n	<li>Konsumsi air setiap hari dari air minum kemasan yang aman</li>\r\n	<li>Biaya masuk</li>\r\n	<li>Akomodasi malam di senaru atau Sembalun sebelum perjalanan.</li>\r\n</ul>\r\n\r\n<p><br />\r\nHarga Tidak Termasuk:</p>\r\n\r\n<ul>\r\n	<li>Head lamp/obor tangan</li>\r\n	<li>Paket tas kecil / paket harian</li>\r\n	<li>Sepatu trekking</li>\r\n	<li>Jaket trekking</li>\r\n	<li>Pesawat tiket</li>\r\n	<li>Porter tambahan untuk bagasi sendiri (22$/hari)</li>\r\n	<li>Celana/celana panjang</li>\r\n	<li>Tip untuk guide dan porter</li>\r\n</ul>\r\n\r\n<hr />\r\n<p><strong>CATATAN !!</strong><br />\r\nKetika Anda memesan perjalanan Anda melalui Horizon Tour and Travel, Anda akan diberikan Pemandu Gunung Berbahasa Inggris dan porter lokal dan sebagian besar kebutuhan berkemah seperti tenda, kantong tidur, kasur, perlengkapan memasak. dll.</p>\r\n\r\n<p>Namun, pemandu gunung dan porter kami hanya bertugas untuk membawa semua peralatan berkemah (tenda, kantong tidur, matras, dll), peralatan masak dan logistik yang diperlukan selama program (makanan, air, makanan ringan, buah-buahan, minuman ringan, dll) mereka tidak bertanggung jawab untuk membawa barang-barang pribadi Anda.</p>\r\n\r\n<hr />\r\n<p>Silahkan pesan paket tour mu sekarang dengan cara login terlebih dahulu kemudian isi form order yang ada di samping kanan.&nbsp;</p>\r\n\r\n<p>Jika ada pertanyaan, hubungi kami melalui WhatsApp kami yang berada di pojok kanan bawah.</p>\r\n', '2340000', 'senaru-crater-rim-1_1.jpg', 0.507418, '2022-12-20 20:16:11', '2022-12-22 20:34:14'),
(20118, 1, 'Eksplor Gili Trawangan [1 Hari]', '<p>Jika anda ingin menikmati 1 hari anda di lombok,&nbsp;paket trip ini menjadi solusi yang tepat karena menawarkan daerah khas lombok yaitu gili trawangan.</p>\r\n\r\n<hr />\r\n<p>Rencana Perjalanan:</p>\r\n\r\n<ul>\r\n	<li>Jemput di Hotel</li>\r\n	<li>Vila Hantu</li>\r\n	<li>Bukit Malimbu</li>\r\n	<li>Bukit Malaka</li>\r\n	<li>Gili Air (Snorkling)</li>\r\n	<li>Gili Meno (Snorkling)</li>\r\n	<li>Gili Trawangan (Snorkling + Mampir)</li>\r\n	<li>Transfer ke Hotel</li>\r\n</ul>\r\n\r\n<hr />\r\n<p>Paket ini memiliki include dan exclude tersendiri.</p>\r\n\r\n<p>Include :</p>\r\n\r\n<ul>\r\n	<li>Mobil + Driver</li>\r\n	<li>Tour Guide</li>\r\n	<li>Tiket masuk wisata</li>\r\n	<li>Parkir</li>\r\n	<li>Penjemputan di Hotel atau Bandara</li>\r\n	<li>Gili kondo Harbor</li>\r\n	<li>Gili Bidara (snorkling)</li>\r\n	<li>Gili Petagan (snorkling)</li>\r\n	<li>Gili Pasir</li>\r\n	<li>Gili Kondo (snorkling)</li>\r\n	<li>Kembali Harbor</li>\r\n	<li>Antar ke Hotel</li>\r\n</ul>\r\n\r\n<p>Exclude :</p>\r\n\r\n<ul>\r\n	<li>Makanan ringan</li>\r\n	<li>Tipping untuk tour guide</li>\r\n	<li>Kebutuhan pribadi</li>\r\n</ul>\r\n\r\n<hr />\r\n<p><strong>Persediaan:</strong></p>\r\n\r\n<ul>\r\n	<li>Harga sesuai dengan hotel yang dipilih dan harga diatas adalah per orang.</li>\r\n	<li>Harga dapat berubah sewaktu-waktu mengikuti season (LS/HS/PS)</li>\r\n	<li>Ada biaya tambahan untuk upgrade kamar.</li>\r\n	<li>Jika jumlah peserta ganjil, maka 1 peserta akan menggunakan extra bed.<br />\r\n	Contoh :<br />\r\n	3 peserta mendapatkan 1 kamar dengan extra bed<br />\r\n	5 peserta mendapatkan 2 kamar dengan extra bed<br />\r\n	Trip ini bersifat private, tidak digabung dengan peserta lain.<br />\r\n	Bersyarat: rencana perjalanan di atas bersyarat<br />\r\n	Opsional : Pilih tujuan</li>\r\n</ul>\r\n\r\n<hr />\r\n<p>Silahkan pesan paket tour mu sekarang dengan cara login terlebih dahulu kemudian isi form order yang ada di samping kanan.&nbsp;</p>\r\n\r\n<p>Jika ada pertanyaan, hubungi kami melalui WhatsApp kami yang berada di pojok kanan bawah.</p>\r\n', '600000', 'DJI_0333-scaled.jpg', 0.716589, '2022-12-20 20:20:02', '2022-12-22 20:34:14');

--
-- Triggers `produk`
--
DELIMITER $$
CREATE TRIGGER `tambah rating` AFTER INSERT ON `produk` FOR EACH ROW BEGIN
	INSERT INTO rating VALUES (null, 4, NEW.id_produk, 0, null, NEW.created_at, NEW.updated_at);
END
$$
DELIMITER ;

-- --------------------------------------------------------

--
-- Table structure for table `rating`
--

CREATE TABLE `rating` (
  `id_rating` int(11) NOT NULL,
  `id` int(11) DEFAULT NULL,
  `id_produk` int(11) NOT NULL,
  `nilai_rating` int(11) DEFAULT NULL,
  `komentar` varchar(255) DEFAULT NULL,
  `created_rating` timestamp NOT NULL DEFAULT current_timestamp(),
  `updated_rating` timestamp NOT NULL DEFAULT current_timestamp() ON UPDATE current_timestamp()
) ENGINE=InnoDB DEFAULT CHARSET=utf8mb4;

--
-- Dumping data for table `rating`
--

INSERT INTO `rating` (`id_rating`, `id`, `id_produk`, `nilai_rating`, `komentar`, `created_rating`, `updated_rating`) VALUES
(30152, 10101, 20103, 5, 'Seneng bgt bisa join disini', '2022-12-20 13:34:24', '2022-12-22 10:14:03'),
(30153, 10101, 20117, 5, 'Ga nyesel banget, makasih horizon', '2022-12-20 13:38:51', '2022-12-22 10:14:06'),
(30154, 10102, 20101, 4, 'tidak mengecewakan jujur', '2022-12-21 21:54:08', '2022-12-21 21:56:41'),
(30155, 10102, 20105, 3, 'lumayan', '2022-12-21 21:57:04', '2022-12-21 21:57:58'),
(30157, 10103, 20102, 5, 'seru banget, aku bertiga sama teman-teman. semuanya suka', '2022-12-21 21:59:33', '2022-12-21 22:00:22'),
(30158, 10104, 20114, 5, '', '2022-12-21 22:09:29', '2022-12-21 22:09:50'),
(30159, 10106, 20115, 3, '', '2022-12-21 22:19:13', '2022-12-21 22:20:07'),
(30160, 10106, 20105, 5, 'Salut sama tour guidenya sabar banget. bikin tournya makin nyaman', '2022-12-21 22:19:15', '2022-12-21 22:20:29'),
(30161, 10107, 20104, 4, 'Sayang banget dateng pas lagi gaada balapan :\" tapi gapapa, pemandangannya bagus banget', '2022-12-21 22:23:30', '2022-12-21 22:24:31'),
(30162, 10107, 20118, 5, 'makasih horizon udah antar ke gili', '2022-12-21 22:23:32', '2022-12-22 11:25:06'),
(30163, 10108, 20118, 4, '', '2022-12-21 22:26:07', '2022-12-21 22:26:28'),
(30164, 10109, 20102, 5, NULL, '2022-12-22 11:29:12', '2022-12-22 11:29:12'),
(30165, 10109, 20117, 4, NULL, '2022-12-22 11:29:28', '2022-12-22 11:29:28'),
(30166, 10110, 20101, 4, 'tour guidenya ramah dan baik banget. perjalanan juga menyenangkan', '2022-12-15 12:21:27', '2022-12-16 12:40:27'),
(30167, 10111, 20103, 3, 'Seneng bgt bisa join disini', '2022-12-20 13:34:24', '2022-12-22 10:14:03'),
(30168, 10111, 20114, 4, '', '2022-12-21 22:09:29', '2022-12-21 22:09:50'),
(30169, 10113, 20105, 3, 'Salut sama tour guidenya sabar banget. bikin tournya makin nyaman', '2022-12-21 22:19:15', '2022-12-21 22:20:29'),
(30170, 10113, 20118, 4, 'makasih horizon udah antar ke gili', '2022-12-21 22:23:32', '2022-12-22 11:25:06'),
(30171, 10114, 20101, 5, 'tidak mengecewakan jujur', '2022-12-21 21:54:08', '2022-12-21 21:56:41'),
(30172, 10114, 20105, 5, 'lumayan', '2022-12-21 21:57:04', '2022-12-21 21:57:58'),
(30173, 10115, 20118, 3, '', '2022-12-21 22:23:32', '2022-12-22 11:25:06'),
(30174, 10112, 20115, 5, '', '2022-12-21 22:19:13', '2022-12-21 22:20:07'),
(30175, 10116, 20104, 5, '', '2022-12-21 22:23:30', '2022-12-21 22:24:31'),
(30176, 10116, 20117, 4, NULL, '2022-12-22 11:29:28', '2022-12-22 11:29:28'),
(30177, 10117, 20104, 4, '', '2022-12-21 22:23:30', '2022-12-21 22:24:31'),
(30178, 10117, 20114, 3, '', '2022-12-21 22:09:29', '2022-12-21 22:09:50'),
(30179, 10118, 20101, 2, 'biasa aja', '2022-12-21 21:54:08', '2022-12-21 21:56:41'),
(30180, 10118, 20102, 5, 'mantap pollll', '2022-12-21 21:59:33', '2022-12-21 22:00:22'),
(30181, 10119, 20103, 5, '', '2022-12-20 13:34:24', '2022-12-22 10:14:03'),
(30182, 10120, 20118, 5, 'Gili indah banget', '2022-12-21 22:23:32', '2022-12-22 11:25:06'),
(30183, 10129, 20103, 5, '', '2022-12-20 13:34:24', '2022-12-22 10:14:03'),
(30184, 10129, 20117, 5, '', '2022-12-20 13:38:51', '2022-12-22 10:14:06'),
(30185, 10130, 20101, 4, '', '2022-12-21 21:54:08', '2022-12-21 21:56:41'),
(30186, 10130, 20105, 3, '', '2022-12-21 21:57:04', '2022-12-21 21:57:58'),
(30187, 10131, 20102, 5, '', '2022-12-21 21:59:33', '2022-12-21 22:00:22'),
(30188, 10132, 20114, 5, '', '2022-12-21 22:09:29', '2022-12-21 22:09:50'),
(30189, 10134, 20115, 3, '', '2022-12-21 22:19:13', '2022-12-21 22:20:07'),
(30190, 10134, 20105, 5, '', '2022-12-21 22:19:15', '2022-12-21 22:20:29'),
(30191, 10135, 20104, 4, '', '2022-12-21 22:23:30', '2022-12-21 22:24:31'),
(30192, 10135, 20118, 5, '', '2022-12-21 22:23:32', '2022-12-22 11:25:06'),
(30193, 10136, 20118, 4, '', '2022-12-21 22:26:07', '2022-12-21 22:26:28'),
(30194, 10137, 20102, 5, '', '2022-12-22 11:29:12', '2022-12-22 11:29:12'),
(30195, 10137, 20117, 4, '', '2022-12-22 11:29:28', '2022-12-22 11:29:28'),
(30196, 10138, 20101, 4, '', '2022-12-15 12:21:27', '2022-12-16 12:40:27'),
(30198, 10139, 20114, 4, '', '2022-12-21 22:09:29', '2022-12-21 22:09:50'),
(30199, 10140, 20115, 5, '', '2022-12-21 22:09:29', '2022-12-21 22:09:50'),
(30200, 10141, 20105, 3, '', '2022-12-21 22:19:15', '2022-12-21 22:20:29'),
(30201, 10141, 20118, 4, '', '2022-12-21 22:23:32', '2022-12-22 11:25:06'),
(30202, 10142, 20101, 5, '', '2022-12-21 21:54:08', '2022-12-21 21:56:41'),
(30203, 10142, 20105, 5, '', '2022-12-21 21:57:04', '2022-12-21 21:57:58'),
(30204, 10143, 20118, 3, '', '2022-12-21 22:23:32', '2022-12-22 11:25:06'),
(30205, 10144, 20104, 5, '', '2022-12-21 22:23:30', '2022-12-21 22:24:31'),
(30206, 10144, 20117, 4, '', '2022-12-22 11:29:28', '2022-12-22 11:29:28'),
(30207, 10145, 20104, 4, '', '2022-12-21 22:23:30', '2022-12-21 22:24:31'),
(30208, 10145, 20114, 3, '', '2022-12-21 22:09:29', '2022-12-21 22:09:50'),
(30209, 10146, 20101, 2, '', '2022-12-21 21:54:08', '2022-12-21 21:56:41'),
(30210, 10146, 20102, 5, '', '2022-12-21 21:59:33', '2022-12-21 22:00:22'),
(30211, 10147, 20103, 5, '', '2022-12-20 13:34:24', '2022-12-22 10:14:03'),
(30212, 10148, 20118, 5, '', '2022-12-21 22:23:32', '2022-12-22 11:25:06'),
(30227, 10157, 20103, 5, NULL, '2022-12-19 17:00:00', '2022-12-22 13:43:06'),
(30228, 10157, 20117, 5, NULL, '2022-12-19 17:00:00', '2022-12-22 13:43:11'),
(30229, 10158, 20101, 4, NULL, '2022-12-21 17:00:00', '2022-12-22 13:43:20'),
(30230, 10158, 20105, 3, NULL, '2022-12-21 17:00:00', '2022-12-22 13:43:30'),
(30231, 10159, 20102, 5, NULL, '2022-12-21 17:00:00', '2022-12-22 13:43:41'),
(30232, 10160, 20114, 5, NULL, '2022-12-21 17:00:00', '2022-12-22 13:43:47'),
(30233, 10162, 20115, 3, NULL, '2022-12-21 17:00:00', '2022-12-22 13:44:01'),
(30234, 10162, 20105, 5, NULL, '2022-12-21 17:00:00', '2022-12-22 13:44:04'),
(30235, 10175, 20104, 4, NULL, '2022-12-21 17:00:00', '2022-12-22 13:44:49'),
(30236, 10175, 20118, 5, NULL, '2022-12-21 17:00:00', '2022-12-22 13:44:53'),
(30237, 10176, 20118, 4, NULL, '2022-12-21 17:00:00', '2022-12-22 13:44:59'),
(30238, 10177, 20102, 5, NULL, '2022-12-21 17:00:00', '2022-12-22 13:45:09'),
(30239, 10177, 20117, 4, NULL, '2022-12-19 17:00:00', '2022-12-22 13:45:13'),
(30240, 10178, 20101, 4, NULL, '2022-12-21 17:00:00', '2022-12-22 13:45:22'),
(30256, 10179, 20103, 3, NULL, '2022-12-19 17:00:00', '2022-12-22 14:02:31'),
(30257, 10179, 20114, 4, NULL, '2022-12-21 17:00:00', '2022-12-22 14:02:34'),
(30258, 10180, 20115, 5, NULL, '2022-12-21 17:00:00', '2022-12-22 14:02:43'),
(30259, 10181, 20105, 3, NULL, '2022-12-21 17:00:00', '2022-12-22 14:02:51'),
(30260, 10181, 20118, 4, NULL, '2022-12-21 17:00:00', '2022-12-22 14:02:54'),
(30261, 10182, 20101, 5, NULL, '2022-12-21 17:00:00', '2022-12-22 14:03:02'),
(30262, 10183, 20118, 5, NULL, '2022-12-21 17:00:00', '2022-12-22 14:03:05'),
(30263, 10184, 20104, 3, NULL, '2022-12-21 17:00:00', '2022-12-22 14:03:12'),
(30264, 10184, 20117, 5, NULL, '2022-12-19 17:00:00', '2022-12-22 14:03:18'),
(30265, 10185, 20104, 4, NULL, '2022-12-21 17:00:00', '2022-12-22 14:03:21'),
(30266, 10185, 20114, 4, NULL, '2022-12-21 17:00:00', '2022-12-22 14:03:26'),
(30267, 10186, 20101, 3, NULL, '2022-12-21 17:00:00', '2022-12-22 14:03:29'),
(30268, 10186, 20102, 2, NULL, '2022-12-21 17:00:00', '2022-12-22 14:03:35'),
(30269, 10187, 20103, 5, NULL, '2022-12-19 17:00:00', '2022-12-22 14:03:38'),
(30270, 10188, 20118, 5, ' ', '2022-12-21 17:00:00', '2022-12-22 14:26:28'),
(30282, 10208, 20101, 4, NULL, '2022-12-21 17:00:00', '2022-12-22 14:27:20'),
(30283, 10209, 20105, 5, NULL, '2022-12-21 17:00:00', '2022-12-22 14:27:20'),
(30284, 10209, 20102, 5, NULL, '2022-12-21 17:00:00', '2022-12-22 14:27:20'),
(30285, 10210, 20114, 3, NULL, '2022-12-21 17:00:00', '2022-12-22 14:27:20'),
(30286, 10211, 20115, 4, NULL, '2022-12-21 17:00:00', '2022-12-22 14:27:20'),
(30287, 10211, 20105, 3, NULL, '2022-12-21 17:00:00', '2022-12-22 14:27:20'),
(30288, 10212, 20104, 5, NULL, '2022-12-21 17:00:00', '2022-12-22 14:27:20'),
(30289, 10212, 20118, 2, NULL, '2022-12-21 17:00:00', '2022-12-22 14:27:20'),
(30290, 10213, 20118, 5, NULL, '2022-12-21 17:00:00', '2022-12-22 14:27:20'),
(30291, 10213, 20102, 4, NULL, '2022-12-21 17:00:00', '2022-12-22 14:27:53'),
(30292, 10214, 20117, 4, NULL, '2022-12-19 17:00:00', '2022-12-22 14:27:53'),
(30293, 10215, 20101, 3, NULL, '2022-12-21 17:00:00', '2022-12-22 14:27:53'),
(30294, 10216, 20103, 2, NULL, '2022-12-19 17:00:00', '2022-12-22 14:27:53'),
(30295, 10217, 20105, 5, NULL, '2022-12-21 17:00:00', '2022-12-22 14:27:53'),
(30296, 10217, 20102, 5, NULL, '2022-12-21 17:00:00', '2022-12-22 14:27:53'),
(30297, 10218, 20114, 3, NULL, '2022-12-21 17:00:00', '2022-12-22 14:27:53'),
(30298, 10219, 20101, 4, NULL, '2022-12-21 17:00:00', '2022-12-22 14:27:53'),
(30299, 10220, 20103, 5, NULL, '2022-12-19 17:00:00', '2022-12-22 14:27:53'),
(30300, 10220, 20105, 3, NULL, '2022-12-21 17:00:00', '2022-12-22 14:27:53'),
(30301, 10221, 20102, 4, NULL, '2022-12-21 17:00:00', '2022-12-22 14:27:53'),
(30302, 10221, 20114, 5, NULL, '2022-12-21 17:00:00', '2022-12-22 14:27:53'),
(30303, 10230, 20103, 5, NULL, '2022-12-19 17:00:00', '2022-12-22 14:46:24'),
(30304, 10230, 20117, 5, NULL, '2022-12-19 17:00:00', '2022-12-22 14:46:24'),
(30305, 10231, 20101, 4, NULL, '2022-12-21 17:00:00', '2022-12-22 14:46:24'),
(30306, 10231, 20105, 5, NULL, '2022-12-21 17:00:00', '2022-12-22 14:46:24'),
(30307, 10232, 20102, 3, NULL, '2022-12-21 17:00:00', '2022-12-22 14:46:24'),
(30308, 10233, 20114, 4, NULL, '2022-12-21 17:00:00', '2022-12-22 14:46:24'),
(30309, 10234, 20115, 2, NULL, '2022-12-21 17:00:00', '2022-12-22 14:46:24'),
(30310, 10234, 20105, 5, NULL, '2022-12-21 17:00:00', '2022-12-22 14:46:24'),
(30311, 10235, 20104, 5, NULL, '2022-12-21 17:00:00', '2022-12-22 14:46:24'),
(30312, 10236, 20118, 3, NULL, '2022-12-21 17:00:00', '2022-12-22 14:46:24'),
(30313, 10237, 20118, 4, NULL, '2022-12-21 17:00:00', '2022-12-22 14:46:24'),
(30314, 10237, 20102, 2, NULL, '2022-12-21 17:00:00', '2022-12-22 14:46:24'),
(30315, 10237, 20103, 4, NULL, '2022-12-19 17:00:00', '2022-12-22 14:46:24'),
(30316, 10238, 20117, 5, NULL, '2022-12-19 17:00:00', '2022-12-22 14:46:24'),
(30317, 10239, 20101, 5, NULL, '2022-12-21 17:00:00', '2022-12-22 14:46:24'),
(30318, 10240, 20105, 3, NULL, '2022-12-21 17:00:00', '2022-12-22 14:46:24'),
(30319, 10241, 20102, 4, NULL, '2022-12-21 17:00:00', '2022-12-22 14:46:24'),
(30320, 10241, 20114, 4, NULL, '2022-12-21 17:00:00', '2022-12-22 14:47:33'),
(30321, 10242, 20115, 3, NULL, '2022-12-21 17:00:00', '2022-12-22 14:47:33'),
(30322, 10242, 20105, 4, NULL, '2022-12-21 17:00:00', '2022-12-22 14:47:33'),
(30323, 10243, 20104, 5, NULL, '2022-12-21 17:00:00', '2022-12-22 14:47:33'),
(30324, 10244, 20118, 4, NULL, '2022-12-21 17:00:00', '2022-12-22 14:47:33'),
(30325, 10245, 20102, 5, NULL, '2022-12-21 17:00:00', '2022-12-22 14:47:33'),
(30326, 10260, 20103, 3, NULL, '2022-12-19 17:00:00', '2022-12-22 14:47:33'),
(30327, 10261, 20117, 4, NULL, '2022-12-19 17:00:00', '2022-12-22 14:47:33'),
(30328, 10261, 20101, 5, NULL, '2022-12-21 17:00:00', '2022-12-22 14:47:33'),
(30329, 10262, 20103, 3, NULL, '2022-12-19 17:00:00', '2022-12-22 14:47:33'),
(30330, 10262, 20114, 5, NULL, '2022-12-21 17:00:00', '2022-12-22 14:47:33'),
(30331, 10263, 20115, 4, NULL, '2022-12-21 17:00:00', '2022-12-22 14:47:33'),
(30332, 10264, 20105, 5, NULL, '2022-12-21 17:00:00', '2022-12-22 14:47:33'),
(30333, 10265, 20118, 4, NULL, '2022-12-21 17:00:00', '2022-12-22 14:47:33'),
(30334, 10267, 20101, 5, NULL, '2022-12-21 17:00:00', '2022-12-22 14:47:33'),
(30335, 10268, 20105, 3, NULL, '2022-12-21 17:00:00', '2022-12-22 14:47:33'),
(30336, 10269, 20118, 5, NULL, '2022-12-21 17:00:00', '2022-12-22 14:47:33'),
(30337, 10269, 20104, 4, NULL, '2022-12-21 17:00:00', '2022-12-22 14:47:33'),
(30338, 10270, 20101, 4, NULL, '2022-12-21 17:00:00', '2022-12-22 14:48:13'),
(30339, 10270, 20102, 5, NULL, '2022-12-21 17:00:00', '2022-12-22 14:48:13'),
(30340, 10271, 20103, 4, NULL, '2022-12-19 17:00:00', '2022-12-22 14:48:13'),
(30341, 10272, 20118, 5, NULL, '2022-12-21 17:00:00', '2022-12-22 14:48:13'),
(30342, 10273, 20103, 5, NULL, '2022-12-19 17:00:00', '2022-12-22 14:48:13'),
(30343, 10273, 20117, 4, NULL, '2022-12-19 17:00:00', '2022-12-22 14:48:13'),
(30344, 10274, 20101, 5, NULL, '2022-12-21 17:00:00', '2022-12-22 14:48:13'),
(30345, 10275, 20105, 3, NULL, '2022-12-21 17:00:00', '2022-12-22 14:48:13'),
(30346, 10275, 20102, 4, NULL, '2022-12-21 17:00:00', '2022-12-22 14:48:13'),
(30347, 10276, 20114, 3, NULL, '2022-12-21 17:00:00', '2022-12-22 14:48:13'),
(30348, 10277, 20115, 5, NULL, '2022-12-21 17:00:00', '2022-12-22 14:48:13'),
(30349, 10278, 20115, 2, NULL, '2022-12-21 17:00:00', '2022-12-22 14:48:13'),
(30350, 10279, 20105, 5, NULL, '2022-12-21 17:00:00', '2022-12-22 14:48:13'),
(30351, 10279, 20118, 3, NULL, '2022-12-21 17:00:00', '2022-12-22 14:48:13'),
(30352, 10280, 20101, 3, NULL, '2022-12-21 17:00:00', '2022-12-22 14:48:13'),
(30353, 10290, 20118, 5, NULL, '2022-12-21 17:00:00', '2022-12-22 15:00:57'),
(30354, 10291, 20118, 5, NULL, '2022-12-21 17:00:00', '2022-12-22 15:00:57'),
(30355, 10292, 20102, 4, NULL, '2022-12-21 17:00:00', '2022-12-22 15:00:57'),
(30356, 10292, 20117, 5, NULL, '2022-12-19 17:00:00', '2022-12-22 15:00:57'),
(30357, 10292, 20101, 4, NULL, '2022-12-21 17:00:00', '2022-12-22 15:00:57'),
(30358, 10293, 20103, 5, NULL, '2022-12-19 17:00:00', '2022-12-22 15:00:57'),
(30359, 10294, 20114, 3, NULL, '2022-12-21 17:00:00', '2022-12-22 15:00:57'),
(30360, 10294, 20115, 5, NULL, '2022-12-21 17:00:00', '2022-12-22 15:00:57'),
(30361, 10294, 20105, 2, NULL, '2022-12-21 17:00:00', '2022-12-22 15:00:57'),
(30362, 10295, 20105, 4, NULL, '2022-12-21 17:00:00', '2022-12-22 15:00:57'),
(30363, 10296, 20118, 3, NULL, '2022-12-21 17:00:00', '2022-12-22 15:00:57'),
(30364, 10297, 20101, 5, NULL, '2022-12-21 17:00:00', '2022-12-22 15:00:57'),
(30365, 10297, 20105, 4, NULL, '2022-12-21 17:00:00', '2022-12-22 15:00:57'),
(30366, 10298, 20118, 5, NULL, '2022-12-21 17:00:00', '2022-12-22 15:00:57'),
(30367, 10298, 20104, 4, NULL, '2022-12-21 17:00:00', '2022-12-22 15:00:57'),
(30368, 10299, 20117, 5, NULL, '2022-12-19 17:00:00', '2022-12-22 15:39:32'),
(30369, 10299, 20101, 4, NULL, '2022-12-21 17:00:00', '2022-12-22 15:39:32'),
(30370, 10300, 20103, 3, NULL, '2022-12-19 17:00:00', '2022-12-22 15:39:32'),
(30371, 10301, 20114, 3, NULL, '2022-12-21 17:00:00', '2022-12-22 15:39:32'),
(30372, 10302, 20115, 5, NULL, '2022-12-21 17:00:00', '2022-12-22 15:39:32'),
(30373, 10303, 20105, 4, NULL, '2022-12-21 17:00:00', '2022-12-22 15:39:32'),
(30374, 10303, 20105, 5, NULL, '2022-12-21 17:00:00', '2022-12-22 15:39:32'),
(30375, 10304, 20118, 4, NULL, '2022-12-21 17:00:00', '2022-12-22 15:39:32'),
(30376, 10305, 20101, 5, NULL, '2022-12-21 17:00:00', '2022-12-22 15:39:32'),
(30377, 10306, 20103, 3, NULL, '2022-12-19 17:00:00', '2022-12-22 15:39:32'),
(30378, 10306, 20117, 5, NULL, '2022-12-19 17:00:00', '2022-12-22 15:39:32'),
(30379, 10306, 20101, 4, NULL, '2022-12-21 17:00:00', '2022-12-22 15:39:32'),
(30380, 10307, 20105, 5, NULL, '2022-12-21 17:00:00', '2022-12-22 15:39:32'),
(30381, 10307, 20102, 5, NULL, '2022-12-21 17:00:00', '2022-12-22 15:39:32'),
(30382, 10308, 20114, 4, NULL, '2022-12-21 17:00:00', '2022-12-22 15:39:32'),
(30383, 10309, 20115, 5, NULL, '2022-12-21 17:00:00', '2022-12-22 15:39:32'),
(30384, 10309, 20105, 4, NULL, '2022-12-21 17:00:00', '2022-12-22 15:39:32'),
(30385, 10309, 20104, 3, NULL, '2022-12-21 17:00:00', '2022-12-22 15:39:32'),
(30386, 10150, 20102, 1, NULL, '2022-12-21 17:00:00', '2022-12-22 15:39:32'),
(30387, 10151, 20114, 5, NULL, '2022-12-21 17:00:00', '2022-12-22 15:39:32'),
(30388, 10151, 20115, 4, NULL, '2022-12-21 17:00:00', '2022-12-22 15:43:09'),
(30389, 10151, 20105, 5, NULL, '2022-12-21 17:00:00', '2022-12-22 15:43:09'),
(30390, 10152, 20104, 3, NULL, '2022-12-21 17:00:00', '2022-12-22 15:43:09'),
(30391, 10153, 20118, 3, NULL, '2022-12-21 17:00:00', '2022-12-22 15:43:09'),
(30392, 10153, 20118, 2, NULL, '2022-12-21 17:00:00', '2022-12-22 15:43:09'),
(30393, 10153, 20102, 5, NULL, '2022-12-21 17:00:00', '2022-12-22 15:43:09'),
(30394, 10154, 20117, 2, NULL, '2022-12-19 17:00:00', '2022-12-22 15:43:09'),
(30395, 10154, 20101, 5, NULL, '2022-12-21 17:00:00', '2022-12-22 15:43:09'),
(30396, 10155, 20103, 3, NULL, '2022-12-19 17:00:00', '2022-12-22 15:43:09'),
(30397, 10156, 20114, 5, NULL, '2022-12-21 17:00:00', '2022-12-22 15:43:09'),
(30398, 10156, 20115, 2, NULL, '2022-12-21 17:00:00', '2022-12-22 15:43:09'),
(30399, 10156, 20105, 4, NULL, '2022-12-21 17:00:00', '2022-12-22 15:43:09'),
(30400, 10156, 20118, 5, NULL, '2022-12-21 17:00:00', '2022-12-22 15:43:09'),
(30401, 10156, 20101, 4, NULL, '2022-12-21 17:00:00', '2022-12-22 15:43:09');

-- --------------------------------------------------------

--
-- Table structure for table `transaksi`
--

CREATE TABLE `transaksi` (
  `id_transaksi` int(11) NOT NULL,
  `id_produk` int(11) NOT NULL,
  `id` int(11) NOT NULL,
  `item` int(11) NOT NULL,
  `total_biaya` int(11) NOT NULL,
  `tanggal_tour` date NOT NULL,
  `jenis_transaksi` varchar(255) NOT NULL,
  `status_transaksi` varchar(255) NOT NULL,
  `bukti_transaksi` varchar(255) NOT NULL,
  `status_tour` varchar(255) NOT NULL,
  `created_at` date NOT NULL,
  `updated_at` date NOT NULL
) ENGINE=InnoDB DEFAULT CHARSET=utf8mb4;

--
-- Dumping data for table `transaksi`
--

INSERT INTO `transaksi` (`id_transaksi`, `id_produk`, `id`, `item`, `total_biaya`, `tanggal_tour`, `jenis_transaksi`, `status_transaksi`, `bukti_transaksi`, `status_tour`, `created_at`, `updated_at`) VALUES
(8500401, 20103, 10101, 1, 855000, '2022-12-20', 'cod', 'paid', '', 'finished', '2022-12-20', '2022-12-20'),
(8500402, 20117, 10101, 2, 4680000, '2022-12-23', 'cod', 'paid', '', 'finished', '2022-12-20', '2022-12-20'),
(8500403, 20101, 10102, 1, 470000, '2022-11-10', 'cod', 'paid', '', 'finished', '2022-12-22', '2022-12-22'),
(8500404, 20105, 10102, 2, 1996000, '2022-08-10', 'cod', 'paid', '', 'finished', '2022-12-22', '2022-12-22'),
(8500405, 20102, 10103, 2, 2760000, '2022-12-14', 'cod', 'paid', '', 'finished', '2022-12-22', '2022-12-22'),
(8500406, 20114, 10104, 5, 10500000, '2022-09-13', 'cod', 'paid', '', 'finished', '2022-12-22', '2022-12-22'),
(8500407, 20115, 10106, 4, 11200000, '2022-10-09', 'cod', 'paid', '', 'finished', '2022-12-22', '2022-12-22'),
(8500408, 20105, 10106, 4, 3992000, '2022-06-17', 'cod', 'paid', '', 'finished', '2022-12-22', '2022-12-22'),
(8500409, 20104, 10107, 1, 450000, '2022-12-20', 'cod', 'paid', '', 'finished', '2022-12-22', '2022-12-22'),
(8500410, 20118, 10107, 2, 1200000, '2022-12-05', 'cod', 'paid', '', 'finished', '2022-12-22', '2022-12-22'),
(8500411, 20118, 10108, 3, 1800000, '2022-10-12', 'cod', 'paid', '', 'finished', '2022-12-22', '2022-12-22'),
(8500412, 20102, 10109, 2, 2760000, '2022-12-14', 'cod', 'paid', '', 'finished', '2022-12-22', '2022-12-22'),
(8500413, 20117, 10109, 2, 4680000, '2022-12-23', 'cod', 'paid', '', 'finished', '2022-12-20', '2022-12-20'),
(8500414, 20101, 10110, 1, 470000, '2022-11-10', 'cod', 'paid', '', 'finished', '2022-12-22', '2022-12-22'),
(8500415, 20103, 10111, 1, 855000, '2022-12-20', 'cod', 'paid', '', 'finished', '2022-12-20', '2022-12-20'),
(8500416, 20114, 10111, 5, 10500000, '2022-09-13', 'cod', 'paid', '', 'finished', '2022-12-22', '2022-12-22'),
(8500417, 20115, 10112, 5, 11200000, '2022-10-09', 'cod', 'paid', '', 'finished', '2022-12-22', '2022-12-22'),
(8500418, 20105, 10113, 4, 3992000, '2022-06-17', 'cod', 'paid', '', 'finished', '2022-12-22', '2022-12-22'),
(8500419, 20118, 10113, 2, 1200000, '2022-12-05', 'cod', 'paid', '', 'finished', '2022-12-22', '2022-12-22'),
(8500420, 20101, 10114, 1, 470000, '2022-11-10', 'cod', 'paid', '', 'finished', '2022-12-22', '2022-12-22'),
(8500421, 20105, 10114, 2, 1996000, '2022-08-10', 'cod', 'paid', '', 'finished', '2022-12-22', '2022-12-22'),
(8500422, 20118, 10115, 3, 1800000, '2022-10-12', 'cod', 'paid', '', 'finished', '2022-12-22', '2022-12-22'),
(8500423, 20104, 10116, 1, 450000, '2022-12-20', 'cod', 'paid', '', 'finished', '2022-12-22', '2022-12-22'),
(8500424, 20117, 10116, 2, 4680000, '2022-12-23', 'cod', 'paid', '', 'finished', '2022-12-20', '2022-12-20'),
(8500425, 20104, 10117, 1, 450000, '2022-12-20', 'cod', 'paid', '', 'finished', '2022-12-22', '2022-12-22'),
(8500426, 20114, 10117, 5, 10500000, '2022-09-13', 'cod', 'paid', '', 'finished', '2022-12-22', '2022-12-22'),
(8500427, 20101, 10118, 1, 470000, '2022-11-10', 'cod', 'paid', '', 'finished', '2022-12-22', '2022-12-22'),
(8500428, 20102, 10118, 2, 2760000, '2022-12-14', 'cod', 'paid', '', 'finished', '2022-12-22', '2022-12-22'),
(8500429, 20103, 10119, 1, 855000, '2022-12-20', 'cod', 'paid', '', 'finished', '2022-12-20', '2022-12-20'),
(8500430, 20118, 10120, 3, 1800000, '2022-10-12', 'cod', 'paid', '', 'finished', '2022-12-22', '2022-12-22'),
(8500431, 20103, 10129, 1, 855000, '2022-12-20', 'cod', 'paid', '', 'finished', '2022-12-20', '2022-12-20'),
(8500432, 20117, 10129, 2, 4680000, '2022-12-23', 'cod', 'paid', '', 'finished', '2022-12-20', '2022-12-20'),
(8500433, 20101, 10130, 1, 470000, '2022-11-10', 'cod', 'paid', '', 'finished', '2022-12-22', '2022-12-22'),
(8500434, 20105, 10130, 2, 1996000, '2022-08-10', 'cod', 'paid', '', 'finished', '2022-12-22', '2022-12-22'),
(8500435, 20102, 10131, 2, 2760000, '2022-12-14', 'cod', 'paid', '', 'finished', '2022-12-22', '2022-12-22'),
(8500436, 20114, 10132, 5, 10500000, '2022-09-13', 'cod', 'paid', '', 'finished', '2022-12-22', '2022-12-22'),
(8500437, 20115, 10134, 4, 11200000, '2022-10-09', 'cod', 'paid', '', 'finished', '2022-12-22', '2022-12-22'),
(8500438, 20105, 10134, 4, 3992000, '2022-06-17', 'cod', 'paid', '', 'finished', '2022-12-22', '2022-12-22'),
(8500439, 20104, 10135, 1, 450000, '2022-12-20', 'cod', 'paid', '', 'finished', '2022-12-22', '2022-12-22'),
(8500440, 20118, 10135, 2, 1200000, '2022-12-05', 'cod', 'paid', '', 'finished', '2022-12-22', '2022-12-22'),
(8500441, 20118, 10136, 3, 1800000, '2022-10-12', 'cod', 'paid', '', 'finished', '2022-12-22', '2022-12-22'),
(8500442, 20102, 10137, 2, 2760000, '2022-12-14', 'cod', 'paid', '', 'finished', '2022-12-22', '2022-12-22'),
(8500443, 20117, 10137, 2, 4680000, '2022-12-23', 'cod', 'paid', '', 'finished', '2022-12-20', '2022-12-20'),
(8500444, 20101, 10138, 1, 470000, '2022-11-10', 'cod', 'paid', '', 'finished', '2022-12-22', '2022-12-22'),
(8500445, 20103, 10139, 1, 855000, '2022-12-20', 'cod', 'paid', '', 'finished', '2022-12-20', '2022-12-20'),
(8500446, 20114, 10139, 5, 10500000, '2022-09-13', 'cod', 'paid', '', 'finished', '2022-12-22', '2022-12-22'),
(8500447, 20115, 10140, 5, 11200000, '2022-10-09', 'cod', 'paid', '', 'finished', '2022-12-22', '2022-12-22'),
(8500448, 20105, 10141, 4, 3992000, '2022-06-17', 'cod', 'paid', '', 'finished', '2022-12-22', '2022-12-22'),
(8500449, 20105, 10141, 4, 3992000, '2022-06-17', 'cod', 'paid', '', 'finished', '2022-12-22', '2022-12-22'),
(8500450, 20118, 10141, 2, 1200000, '2022-12-05', 'cod', 'paid', '', 'finished', '2022-12-22', '2022-12-22'),
(8500451, 20101, 10142, 1, 470000, '2022-11-10', 'cod', 'paid', '', 'finished', '2022-12-22', '2022-12-22'),
(8500452, 20105, 10142, 2, 1996000, '2022-08-10', 'cod', 'paid', '', 'finished', '2022-12-22', '2022-12-22'),
(8500453, 20118, 10143, 3, 1800000, '2022-10-12', 'cod', 'paid', '', 'finished', '2022-12-22', '2022-12-22'),
(8500454, 20104, 10144, 1, 450000, '2022-12-20', 'cod', 'paid', '', 'finished', '2022-12-22', '2022-12-22'),
(8500455, 20117, 10144, 2, 4680000, '2022-12-23', 'cod', 'paid', '', 'finished', '2022-12-20', '2022-12-20'),
(8500456, 20104, 10145, 1, 450000, '2022-12-20', 'cod', 'paid', '', 'finished', '2022-12-22', '2022-12-22'),
(8500457, 20114, 10145, 5, 10500000, '2022-09-13', 'cod', 'paid', '', 'finished', '2022-12-22', '2022-12-22'),
(8500458, 20101, 10146, 1, 470000, '2022-11-10', 'cod', 'paid', '', 'finished', '2022-12-22', '2022-12-22'),
(8500459, 20102, 10146, 2, 2760000, '2022-12-14', 'cod', 'paid', '', 'finished', '2022-12-22', '2022-12-22'),
(8500460, 20103, 10147, 1, 855000, '2022-12-20', 'cod', 'paid', '', 'finished', '2022-12-20', '2022-12-20'),
(8500461, 20118, 10148, 3, 1800000, '2022-10-12', 'cod', 'paid', '', 'finished', '2022-12-22', '2022-12-22'),
(8500463, 20103, 10157, 1, 855000, '2022-12-20', 'cod', 'paid', '', 'finished', '2022-12-20', '2022-12-20'),
(8500464, 20117, 10157, 2, 4680000, '2022-12-23', 'cod', 'paid', '', 'finished', '2022-12-20', '2022-12-20'),
(8500465, 20101, 10158, 1, 470000, '2022-11-10', 'cod', 'paid', '', 'finished', '2022-12-22', '2022-12-22'),
(8500466, 20105, 10158, 2, 1996000, '2022-08-10', 'cod', 'paid', '', 'finished', '2022-12-22', '2022-12-22'),
(8500467, 20102, 10159, 2, 2760000, '2022-12-14', 'cod', 'paid', '', 'finished', '2022-12-22', '2022-12-22'),
(8500468, 20114, 10160, 5, 10500000, '2022-09-13', 'cod', 'paid', '', 'finished', '2022-12-22', '2022-12-22'),
(8500469, 20115, 10162, 4, 11200000, '2022-10-09', 'cod', 'paid', '', 'finished', '2022-12-22', '2022-12-22'),
(8500470, 20105, 10162, 4, 3992000, '2022-06-17', 'cod', 'paid', '', 'finished', '2022-12-22', '2022-12-22'),
(8500471, 20104, 10175, 1, 450000, '2022-12-20', 'cod', 'paid', '', 'finished', '2022-12-22', '2022-12-22'),
(8500472, 20118, 10175, 2, 1200000, '2022-12-05', 'cod', 'paid', '', 'finished', '2022-12-22', '2022-12-22'),
(8500473, 20118, 10176, 3, 1800000, '2022-10-12', 'cod', 'paid', '', 'finished', '2022-12-22', '2022-12-22'),
(8500474, 20102, 10177, 2, 2760000, '2022-12-14', 'cod', 'paid', '', 'finished', '2022-12-22', '2022-12-22'),
(8500475, 20117, 10177, 2, 4680000, '2022-12-23', 'cod', 'paid', '', 'finished', '2022-12-20', '2022-12-20'),
(8500476, 20101, 10178, 1, 470000, '2022-11-10', 'cod', 'paid', '', 'finished', '2022-12-22', '2022-12-22'),
(8500492, 20103, 10179, 1, 855000, '2022-12-20', 'cod', 'paid', '', 'finished', '2022-12-20', '2022-12-20'),
(8500493, 20114, 10179, 5, 10500000, '2022-09-13', 'cod', 'paid', '', 'finished', '2022-12-22', '2022-12-22'),
(8500494, 20115, 10180, 5, 11200000, '2022-10-09', 'cod', 'paid', '', 'finished', '2022-12-22', '2022-12-22'),
(8500495, 20105, 10181, 4, 3992000, '2022-06-17', 'cod', 'paid', '', 'finished', '2022-12-22', '2022-12-22'),
(8500496, 20118, 10181, 2, 1200000, '2022-12-05', 'cod', 'paid', '', 'finished', '2022-12-22', '2022-12-22'),
(8500497, 20101, 10182, 2, 1996000, '2022-08-10', 'cod', 'paid', '', 'finished', '2022-12-22', '2022-12-22'),
(8500498, 20118, 10183, 3, 1800000, '2022-10-12', 'cod', 'paid', '', 'finished', '2022-12-22', '2022-12-22'),
(8500499, 20104, 10184, 1, 450000, '2022-12-20', 'cod', 'paid', '', 'finished', '2022-12-22', '2022-12-22'),
(8500500, 20117, 10184, 2, 4680000, '2022-12-23', 'cod', 'paid', '', 'finished', '2022-12-20', '2022-12-20'),
(8500501, 20104, 10185, 1, 450000, '2022-12-20', 'cod', 'paid', '', 'finished', '2022-12-22', '2022-12-22'),
(8500502, 20114, 10185, 5, 10500000, '2022-09-13', 'cod', 'paid', '', 'finished', '2022-12-22', '2022-12-22'),
(8500503, 20101, 10186, 1, 470000, '2022-11-10', 'cod', 'paid', '', 'finished', '2022-12-22', '2022-12-22'),
(8500504, 20102, 10186, 2, 2760000, '2022-12-14', 'cod', 'paid', '', 'finished', '2022-12-22', '2022-12-22'),
(8500505, 20103, 10187, 1, 855000, '2022-12-20', 'cod', 'paid', '', 'finished', '2022-12-20', '2022-12-20'),
(8500506, 20118, 10188, 3, 1800000, '2022-10-12', 'cod', 'paid', '', 'finished', '2022-12-22', '2022-12-22'),
(8500518, 20101, 10208, 1, 470000, '2022-11-10', 'cod', 'paid', '', 'finished', '2022-12-22', '2022-12-22'),
(8500519, 20105, 10209, 2, 1996000, '2022-08-10', 'cod', 'paid', '', 'finished', '2022-12-22', '2022-12-22'),
(8500520, 20102, 10209, 2, 2760000, '2022-12-14', 'cod', 'paid', '', 'finished', '2022-12-22', '2022-12-22'),
(8500521, 20114, 10210, 5, 10500000, '2022-09-13', 'cod', 'paid', '', 'finished', '2022-12-22', '2022-12-22'),
(8500522, 20115, 10211, 4, 11200000, '2022-10-09', 'cod', 'paid', '', 'finished', '2022-12-22', '2022-12-22'),
(8500523, 20105, 10211, 4, 3992000, '2022-06-17', 'cod', 'paid', '', 'finished', '2022-12-22', '2022-12-22'),
(8500524, 20104, 10212, 1, 450000, '2022-12-20', 'cod', 'paid', '', 'finished', '2022-12-22', '2022-12-22'),
(8500525, 20118, 10212, 2, 1200000, '2022-12-05', 'cod', 'paid', '', 'finished', '2022-12-22', '2022-12-22'),
(8500526, 20118, 10213, 3, 1800000, '2022-10-12', 'cod', 'paid', '', 'finished', '2022-12-22', '2022-12-22'),
(8500527, 20102, 10213, 2, 2760000, '2022-12-14', 'cod', 'paid', '', 'finished', '2022-12-22', '2022-12-22'),
(8500528, 20117, 10214, 2, 4680000, '2022-12-23', 'cod', 'paid', '', 'finished', '2022-12-20', '2022-12-20'),
(8500529, 20101, 10215, 1, 470000, '2022-11-10', 'cod', 'paid', '', 'finished', '2022-12-22', '2022-12-22'),
(8500530, 20103, 10216, 1, 855000, '2022-12-20', 'cod', 'paid', '', 'finished', '2022-12-20', '2022-12-20'),
(8500531, 20105, 10217, 2, 1996000, '2022-08-10', 'cod', 'paid', '', 'finished', '2022-12-22', '2022-12-22'),
(8500532, 20102, 10217, 2, 2760000, '2022-12-14', 'cod', 'paid', '', 'finished', '2022-12-22', '2022-12-22'),
(8500533, 20114, 10218, 5, 10500000, '2022-09-13', 'cod', 'paid', '', 'finished', '2022-12-22', '2022-12-22'),
(8500534, 20101, 10219, 1, 470000, '2022-11-10', 'cod', 'paid', '', 'finished', '2022-12-22', '2022-12-22'),
(8500535, 20103, 10220, 1, 855000, '2022-12-20', 'cod', 'paid', '', 'finished', '2022-12-20', '2022-12-20'),
(8500536, 20105, 10220, 2, 1996000, '2022-08-10', 'cod', 'paid', '', 'finished', '2022-12-22', '2022-12-22'),
(8500537, 20102, 10221, 2, 2760000, '2022-12-14', 'cod', 'paid', '', 'finished', '2022-12-22', '2022-12-22'),
(8500538, 20114, 10221, 5, 10500000, '2022-09-13', 'cod', 'paid', '', 'finished', '2022-12-22', '2022-12-22'),
(8500539, 20103, 10230, 1, 855000, '2022-12-20', 'cod', 'paid', '', 'finished', '2022-12-20', '2022-12-20'),
(8500540, 20117, 10230, 2, 4680000, '2022-12-23', 'cod', 'paid', '', 'finished', '2022-12-20', '2022-12-20'),
(8500541, 20101, 10231, 1, 470000, '2022-11-10', 'cod', 'paid', '', 'finished', '2022-12-22', '2022-12-22'),
(8500542, 20105, 10231, 2, 1996000, '2022-08-10', 'cod', 'paid', '', 'finished', '2022-12-22', '2022-12-22'),
(8500543, 20102, 10232, 2, 2760000, '2022-12-14', 'cod', 'paid', '', 'finished', '2022-12-22', '2022-12-22'),
(8500544, 20114, 10233, 5, 10500000, '2022-09-13', 'cod', 'paid', '', 'finished', '2022-12-22', '2022-12-22'),
(8500545, 20115, 10234, 4, 11200000, '2022-10-09', 'cod', 'paid', '', 'finished', '2022-12-22', '2022-12-22'),
(8500546, 20105, 10234, 4, 3992000, '2022-06-17', 'cod', 'paid', '', 'finished', '2022-12-22', '2022-12-22'),
(8500547, 20104, 10235, 1, 450000, '2022-12-20', 'cod', 'paid', '', 'finished', '2022-12-22', '2022-12-22'),
(8500548, 20118, 10236, 2, 1200000, '2022-12-05', 'cod', 'paid', '', 'finished', '2022-12-22', '2022-12-22'),
(8500549, 20118, 10237, 3, 1800000, '2022-10-12', 'cod', 'paid', '', 'finished', '2022-12-22', '2022-12-22'),
(8500550, 20102, 10237, 2, 2760000, '2022-12-14', 'cod', 'paid', '', 'finished', '2022-12-22', '2022-12-22'),
(8500551, 20103, 10237, 1, 855000, '2022-12-20', 'cod', 'paid', '', 'finished', '2022-12-20', '2022-12-20'),
(8500552, 20117, 10238, 2, 4680000, '2022-12-23', 'cod', 'paid', '', 'finished', '2022-12-20', '2022-12-20'),
(8500553, 20101, 10239, 1, 470000, '2022-11-10', 'cod', 'paid', '', 'finished', '2022-12-22', '2022-12-22'),
(8500554, 20105, 10240, 2, 1996000, '2022-08-10', 'cod', 'paid', '', 'finished', '2022-12-22', '2022-12-22'),
(8500555, 20102, 10241, 2, 2760000, '2022-12-14', 'cod', 'paid', '', 'finished', '2022-12-22', '2022-12-22'),
(8500556, 20114, 10241, 5, 10500000, '2022-09-13', 'cod', 'paid', '', 'finished', '2022-12-22', '2022-12-22'),
(8500557, 20115, 10242, 4, 11200000, '2022-10-09', 'cod', 'paid', '', 'finished', '2022-12-22', '2022-12-22'),
(8500558, 20105, 10242, 4, 3992000, '2022-06-17', 'cod', 'paid', '', 'finished', '2022-12-22', '2022-12-22'),
(8500559, 20104, 10243, 1, 450000, '2022-12-20', 'cod', 'paid', '', 'finished', '2022-12-22', '2022-12-22'),
(8500560, 20118, 10244, 2, 1200000, '2022-12-05', 'cod', 'paid', '', 'finished', '2022-12-22', '2022-12-22'),
(8500561, 20102, 10245, 2, 2760000, '2022-12-14', 'cod', 'paid', '', 'finished', '2022-12-22', '2022-12-22'),
(8500562, 20103, 10260, 1, 855000, '2022-12-20', 'cod', 'paid', '', 'finished', '2022-12-20', '2022-12-20'),
(8500563, 20117, 10261, 2, 4680000, '2022-12-23', 'cod', 'paid', '', 'finished', '2022-12-20', '2022-12-20'),
(8500564, 20101, 10261, 1, 470000, '2022-11-10', 'cod', 'paid', '', 'finished', '2022-12-22', '2022-12-22'),
(8500565, 20103, 10262, 1, 855000, '2022-12-20', 'cod', 'paid', '', 'finished', '2022-12-20', '2022-12-20'),
(8500566, 20114, 10262, 5, 10500000, '2022-09-13', 'cod', 'paid', '', 'finished', '2022-12-22', '2022-12-22'),
(8500567, 20115, 10263, 5, 11200000, '2022-10-09', 'cod', 'paid', '', 'finished', '2022-12-22', '2022-12-22'),
(8500568, 20105, 10264, 4, 3992000, '2022-06-17', 'cod', 'paid', '', 'finished', '2022-12-22', '2022-12-22'),
(8500569, 20118, 10265, 2, 1200000, '2022-12-05', 'cod', 'paid', '', 'finished', '2022-12-22', '2022-12-22'),
(8500570, 20101, 10267, 1, 470000, '2022-11-10', 'cod', 'paid', '', 'finished', '2022-12-22', '2022-12-22'),
(8500571, 20105, 10268, 2, 1996000, '2022-08-10', 'cod', 'paid', '', 'finished', '2022-12-22', '2022-12-22'),
(8500572, 20118, 10269, 3, 1800000, '2022-10-12', 'cod', 'paid', '', 'finished', '2022-12-22', '2022-12-22'),
(8500573, 20104, 10269, 1, 450000, '2022-12-20', 'cod', 'paid', '', 'finished', '2022-12-22', '2022-12-22'),
(8500574, 20101, 10270, 1, 470000, '2022-11-10', 'cod', 'paid', '', 'finished', '2022-12-22', '2022-12-22'),
(8500575, 20102, 10270, 2, 2760000, '2022-12-14', 'cod', 'paid', '', 'finished', '2022-12-22', '2022-12-22'),
(8500576, 20103, 10271, 1, 855000, '2022-12-20', 'cod', 'paid', '', 'finished', '2022-12-20', '2022-12-20'),
(8500577, 20118, 10272, 3, 1800000, '2022-10-12', 'cod', 'paid', '', 'finished', '2022-12-22', '2022-12-22'),
(8500578, 20103, 10273, 1, 855000, '2022-12-20', 'cod', 'paid', '', 'finished', '2022-12-20', '2022-12-20'),
(8500579, 20117, 10273, 2, 4680000, '2022-12-23', 'cod', 'paid', '', 'finished', '2022-12-20', '2022-12-20'),
(8500580, 20101, 10274, 1, 470000, '2022-11-10', 'cod', 'paid', '', 'finished', '2022-12-22', '2022-12-22'),
(8500581, 20105, 10275, 2, 1996000, '2022-08-10', 'cod', 'paid', '', 'finished', '2022-12-22', '2022-12-22'),
(8500582, 20102, 10275, 2, 2760000, '2022-12-14', 'cod', 'paid', '', 'finished', '2022-12-22', '2022-12-22'),
(8500583, 20114, 10276, 5, 10500000, '2022-09-13', 'cod', 'paid', '', 'finished', '2022-12-22', '2022-12-22'),
(8500584, 20115, 10277, 4, 11200000, '2022-10-09', 'cod', 'paid', '', 'finished', '2022-12-22', '2022-12-22'),
(8500585, 20115, 10278, 5, 11200000, '2022-10-09', 'cod', 'paid', '', 'finished', '2022-12-22', '2022-12-22'),
(8500586, 20105, 10279, 4, 3992000, '2022-06-17', 'cod', 'paid', '', 'finished', '2022-12-22', '2022-12-22'),
(8500587, 20118, 10279, 2, 1200000, '2022-12-05', 'cod', 'paid', '', 'finished', '2022-12-22', '2022-12-22'),
(8500588, 20101, 10280, 1, 470000, '2022-11-10', 'cod', 'paid', '', 'finished', '2022-12-22', '2022-12-22'),
(8500589, 20118, 10290, 2, 1200000, '2022-12-05', 'cod', 'paid', '', 'finished', '2022-12-22', '2022-12-22'),
(8500590, 20118, 10291, 3, 1800000, '2022-10-12', 'cod', 'paid', '', 'finished', '2022-12-22', '2022-12-22'),
(8500591, 20102, 10292, 2, 2760000, '2022-12-14', 'cod', 'paid', '', 'finished', '2022-12-22', '2022-12-22'),
(8500592, 20117, 10292, 2, 4680000, '2022-12-23', 'cod', 'paid', '', 'finished', '2022-12-20', '2022-12-20'),
(8500593, 20101, 10292, 1, 470000, '2022-11-10', 'cod', 'paid', '', 'finished', '2022-12-22', '2022-12-22'),
(8500594, 20103, 10293, 1, 855000, '2022-12-20', 'cod', 'paid', '', 'finished', '2022-12-20', '2022-12-20'),
(8500595, 20114, 10294, 5, 10500000, '2022-09-13', 'cod', 'paid', '', 'finished', '2022-12-22', '2022-12-22'),
(8500596, 20115, 10294, 5, 11200000, '2022-10-09', 'cod', 'paid', '', 'finished', '2022-12-22', '2022-12-22'),
(8500597, 20105, 10294, 4, 3992000, '2022-06-17', 'cod', 'paid', '', 'finished', '2022-12-22', '2022-12-22'),
(8500598, 20105, 10295, 4, 3992000, '2022-06-17', 'cod', 'paid', '', 'finished', '2022-12-22', '2022-12-22'),
(8500599, 20118, 10296, 2, 1200000, '2022-12-05', 'cod', 'paid', '', 'finished', '2022-12-22', '2022-12-22'),
(8500600, 20101, 10297, 1, 470000, '2022-11-10', 'cod', 'paid', '', 'finished', '2022-12-22', '2022-12-22'),
(8500601, 20105, 10297, 2, 1996000, '2022-08-10', 'cod', 'paid', '', 'finished', '2022-12-22', '2022-12-22'),
(8500602, 20118, 10298, 3, 1800000, '2022-10-12', 'cod', 'paid', '', 'finished', '2022-12-22', '2022-12-22'),
(8500603, 20104, 10298, 1, 450000, '2022-12-20', 'cod', 'paid', '', 'finished', '2022-12-22', '2022-12-22'),
(8500604, 20117, 10299, 2, 4680000, '2022-12-23', 'cod', 'paid', '', 'finished', '2022-12-20', '2022-12-20'),
(8500605, 20101, 10299, 1, 470000, '2022-11-10', 'cod', 'paid', '', 'finished', '2022-12-22', '2022-12-22'),
(8500606, 20103, 10300, 1, 855000, '2022-12-20', 'cod', 'paid', '', 'finished', '2022-12-20', '2022-12-20'),
(8500607, 20114, 10301, 5, 10500000, '2022-09-13', 'cod', 'paid', '', 'finished', '2022-12-22', '2022-12-22'),
(8500608, 20115, 10302, 5, 11200000, '2022-10-09', 'cod', 'paid', '', 'finished', '2022-12-22', '2022-12-22'),
(8500609, 20105, 10303, 4, 3992000, '2022-06-17', 'cod', 'paid', '', 'finished', '2022-12-22', '2022-12-22'),
(8500610, 20105, 10303, 4, 3992000, '2022-06-17', 'cod', 'paid', '', 'finished', '2022-12-22', '2022-12-22'),
(8500611, 20118, 10304, 2, 1200000, '2022-12-05', 'cod', 'paid', '', 'finished', '2022-12-22', '2022-12-22'),
(8500612, 20101, 10305, 1, 470000, '2022-11-10', 'cod', 'paid', '', 'finished', '2022-12-22', '2022-12-22'),
(8500613, 20103, 10306, 1, 855000, '2022-12-20', 'cod', 'paid', '', 'finished', '2022-12-20', '2022-12-20'),
(8500614, 20117, 10306, 2, 4680000, '2022-12-23', 'cod', 'paid', '', 'finished', '2022-12-20', '2022-12-20'),
(8500615, 20101, 10306, 1, 470000, '2022-11-10', 'cod', 'paid', '', 'finished', '2022-12-22', '2022-12-22'),
(8500616, 20105, 10307, 2, 1996000, '2022-08-10', 'cod', 'paid', '', 'finished', '2022-12-22', '2022-12-22'),
(8500617, 20102, 10307, 2, 2760000, '2022-12-14', 'cod', 'paid', '', 'finished', '2022-12-22', '2022-12-22'),
(8500618, 20114, 10308, 5, 10500000, '2022-09-13', 'cod', 'paid', '', 'finished', '2022-12-22', '2022-12-22'),
(8500619, 20115, 10309, 4, 11200000, '2022-10-09', 'cod', 'paid', '', 'finished', '2022-12-22', '2022-12-22'),
(8500620, 20105, 10309, 4, 3992000, '2022-06-17', 'cod', 'paid', '', 'finished', '2022-12-22', '2022-12-22'),
(8500621, 20104, 10309, 1, 450000, '2022-12-20', 'cod', 'paid', '', 'finished', '2022-12-22', '2022-12-22'),
(8500622, 20102, 10150, 2, 2760000, '2022-12-14', 'cod', 'paid', '', 'finished', '2022-12-22', '2022-12-22'),
(8500623, 20114, 10151, 5, 10500000, '2022-09-13', 'cod', 'paid', '', 'finished', '2022-12-22', '2022-12-22'),
(8500624, 20115, 10151, 4, 11200000, '2022-10-09', 'cod', 'paid', '', 'finished', '2022-12-22', '2022-12-22'),
(8500625, 20105, 10151, 4, 3992000, '2022-06-17', 'cod', 'paid', '', 'finished', '2022-12-22', '2022-12-22'),
(8500626, 20104, 10152, 1, 450000, '2022-12-20', 'cod', 'paid', '', 'finished', '2022-12-22', '2022-12-22'),
(8500627, 20118, 10153, 2, 1200000, '2022-12-05', 'cod', 'paid', '', 'finished', '2022-12-22', '2022-12-22'),
(8500628, 20118, 10153, 3, 1800000, '2022-10-12', 'cod', 'paid', '', 'finished', '2022-12-22', '2022-12-22'),
(8500629, 20102, 10153, 2, 2760000, '2022-12-14', 'cod', 'paid', '', 'finished', '2022-12-22', '2022-12-22'),
(8500630, 20117, 10154, 2, 4680000, '2022-12-23', 'cod', 'paid', '', 'finished', '2022-12-20', '2022-12-20'),
(8500631, 20101, 10154, 1, 470000, '2022-11-10', 'cod', 'paid', '', 'finished', '2022-12-22', '2022-12-22'),
(8500632, 20103, 10155, 1, 855000, '2022-12-20', 'cod', 'paid', '', 'finished', '2022-12-20', '2022-12-20'),
(8500633, 20114, 10156, 5, 10500000, '2022-09-13', 'cod', 'paid', '', 'finished', '2022-12-22', '2022-12-22'),
(8500634, 20115, 10156, 5, 11200000, '2022-10-09', 'cod', 'paid', '', 'finished', '2022-12-22', '2022-12-22'),
(8500635, 20105, 10156, 4, 3992000, '2022-06-17', 'cod', 'paid', '', 'finished', '2022-12-22', '2022-12-22'),
(8500636, 20118, 10156, 2, 1200000, '2022-12-05', 'cod', 'paid', '', 'finished', '2022-12-22', '2022-12-22'),
(8500637, 20101, 10156, 2, 1996000, '2022-08-10', 'cod', 'paid', '', 'finished', '2022-12-22', '2022-12-22');

--
-- Triggers `transaksi`
--
DELIMITER $$
CREATE TRIGGER `tambah rating trans` AFTER INSERT ON `transaksi` FOR EACH ROW BEGIN
	INSERT INTO rating VALUES (null, NEW.id, NEW.id_produk, 0, null, NEW.created_at, NEW.updated_at);
END
$$
DELIMITER ;

-- --------------------------------------------------------

--
-- Table structure for table `users`
--

CREATE TABLE `users` (
  `id` int(11) UNSIGNED NOT NULL,
  `email` varchar(255) NOT NULL,
  `username` varchar(30) DEFAULT NULL,
  `fullname` varchar(255) DEFAULT NULL,
  `birthday` date DEFAULT NULL,
  `phone_number` varchar(14) DEFAULT NULL,
  `instagram` varchar(255) DEFAULT NULL,
  `country` varchar(255) DEFAULT NULL,
  `city` varchar(255) DEFAULT NULL,
  `user_image` varchar(255) NOT NULL DEFAULT 'default.png',
  `password_hash` varchar(255) NOT NULL,
  `reset_hash` varchar(255) DEFAULT NULL,
  `reset_at` datetime DEFAULT NULL,
  `reset_expires` datetime DEFAULT NULL,
  `activate_hash` varchar(255) DEFAULT NULL,
  `status` varchar(255) DEFAULT NULL,
  `status_message` varchar(255) DEFAULT NULL,
  `active` tinyint(1) NOT NULL DEFAULT 0,
  `force_pass_reset` tinyint(1) NOT NULL DEFAULT 0,
  `created_at` datetime DEFAULT NULL,
  `updated_at` datetime DEFAULT NULL,
  `deleted_at` datetime DEFAULT NULL
) ENGINE=InnoDB DEFAULT CHARSET=utf8;

--
-- Dumping data for table `users`
--

INSERT INTO `users` (`id`, `email`, `username`, `fullname`, `birthday`, `phone_number`, `instagram`, `country`, `city`, `user_image`, `password_hash`, `reset_hash`, `reset_at`, `reset_expires`, `activate_hash`, `status`, `status_message`, `active`, `force_pass_reset`, `created_at`, `updated_at`, `deleted_at`) VALUES
(4, 'admin@gmail.com', 'admin', 'Adminila', '2001-03-15', '6289650017574', 'adminila_', 'Indonesia', 'Depok', 'default.png', '$2y$10$ZgbReWD18hilduLXuPN9DexZ3VHWd1fiIS0oaEsie6FR6WkIAVHGG', NULL, NULL, NULL, NULL, NULL, NULL, 1, 0, '2022-11-12 01:34:18', '2022-11-12 01:34:18', NULL),
(10101, 'merianarusli@gmail.com', 'merianarusli', 'Meriana Rusli', '1996-12-01', '6282394756553', 'merianarusli', 'Indonesia', 'Bogor', 'default.png', '$2y$10$ZgbReWD18hilduLXuPN9DexZ3VHWd1fiIS0oaEsie6FR6WkIAVHGG', NULL, NULL, NULL, NULL, NULL, NULL, 1, 0, '2022-11-21 03:55:36', '2022-11-21 03:55:36', NULL),
(10102, 'hauralana@gmail.com', 'hauralana', 'Lana Haura', '1999-08-03', '6289600129323', 'hauralana', 'Indonesia', 'Bekasi', 'default.png', '$2y$10$ZgbReWD18hilduLXuPN9DexZ3VHWd1fiIS0oaEsie6FR6WkIAVHGG', NULL, NULL, NULL, NULL, NULL, NULL, 1, 0, '2022-11-21 03:56:40', '2022-11-21 03:56:40', NULL),
(10103, 'agussalim25@gmail.com', 'agussalim25', 'Muhammad Agus Salim', '1999-01-03', '626444488842', 'agussalim25', 'Indonesia', 'Jakarta', 'default.png', '$2y$10$ZgbReWD18hilduLXuPN9DexZ3VHWd1fiIS0oaEsie6FR6WkIAVHGG', NULL, NULL, NULL, NULL, NULL, NULL, 1, 0, '2022-11-21 03:56:40', '2022-11-21 03:56:40', NULL),
(10104, 'gofarialhasyim@gmail.com', 'gofarialhasyim', 'Al Gofari Hasyim', '2001-07-16', '6241966973987', 'gofarialhasyim', 'Indonesia', 'Bogor', 'default.png', '$2y$10$ZgbReWD18hilduLXuPN9DexZ3VHWd1fiIS0oaEsie6FR6WkIAVHGG', NULL, NULL, NULL, NULL, NULL, NULL, 1, 0, '2022-11-21 03:57:10', '2022-11-21 03:57:10', NULL),
(10105, 'muhammadadibalhakim@gmail.com', 'adibalhak', 'Muhammad Adib Alhakim', '1999-01-03', '626444488842', 'adibalhak', 'Indonesia', 'Tanggerang', 'default.png', '$2y$10$ZgbReWD18hilduLXuPN9DexZ3VHWd1fiIS0oaEsie6FR6WkIAVHGG', NULL, NULL, NULL, NULL, NULL, NULL, 1, 0, '2022-11-21 03:57:10', '2022-11-21 03:57:10', NULL),
(10106, 'fajartrianto290@gmail.com', 'fajartrianto290', 'Fajar Trianto', '2001-07-16', '6241966973987', 'fajartrianto290', 'Indonesia', 'Bandung', 'default.png', '$2y$10$ZgbReWD18hilduLXuPN9DexZ3VHWd1fiIS0oaEsie6FR6WkIAVHGG', NULL, NULL, NULL, NULL, NULL, NULL, 1, 0, '2022-11-21 03:57:10', '2022-11-21 03:57:10', NULL),
(10107, 'kenariput12@gmail.com', 'kenari12', 'kenari putra', '1998-01-14', '6289650017574', 'kenari12', 'Indonesia', 'Mataram', 'default.png', '$2y$10$ZgbReWD18hilduLXuPN9DexZ3VHWd1fiIS0oaEsie6FR6WkIAVHGG', NULL, NULL, NULL, NULL, NULL, NULL, 1, 0, '2022-12-19 15:02:58', '2022-12-19 15:02:58', NULL),
(10108, 'himawan8@gmail.com', 'himawan88', 'himawan maryadi', '1988-12-23', '6289622341143', 'himawan88', 'Indonesia', 'Mataram', 'default.png', '$2y$10$ZgbReWD18hilduLXuPN9DexZ3VHWd1fiIS0oaEsie6FR6WkIAVHGG', NULL, NULL, NULL, NULL, NULL, NULL, 1, 0, '2022-12-19 15:02:58', '2022-12-19 15:02:58', NULL),
(10109, 'andriani64@gmail.com', 'yancean12', 'yance andriani', '1998-04-29', '6289600129323', 'andriani64', 'Indonesia', 'Jambi', 'default.png', '$2y$10$ZgbReWD18hilduLXuPN9DexZ3VHWd1fiIS0oaEsie6FR6WkIAVHGG', NULL, NULL, NULL, NULL, NULL, NULL, 1, 0, '2022-12-19 15:02:58', '2022-12-19 15:02:58', NULL),
(10110, 'mahdisitorus@gmail.com', 'mahdi667', 'mahdi sitorus', '1999-01-03', '6281338294001', 'mahdi67', 'Indonesia', 'Pontianak', 'default.png', '$2y$10$ZgbReWD18hilduLXuPN9DexZ3VHWd1fiIS0oaEsie6FR6WkIAVHGG', NULL, NULL, NULL, NULL, NULL, NULL, 1, 0, '2022-12-19 15:02:58', '2022-12-19 15:02:58', NULL),
(10111, 'cahfirman@gmail.com', 'cahyanto22', 'cahyanto firmansyah', '1996-06-13', '6282338947957', 'cahyanto22', 'Indonesia', 'Cilacap', 'default.png', '$2y$10$ZgbReWD18hilduLXuPN9DexZ3VHWd1fiIS0oaEsie6FR6WkIAVHGG', NULL, NULL, NULL, NULL, NULL, NULL, 1, 0, '2022-12-19 15:02:58', '2022-12-19 15:02:58', NULL),
(10112, 'rizkithamrin123@gmail.com', 'thamrinaja', 'rizki thamrin', '1993-09-19', '6282394756553', 'thamrinaja2', 'Indonesia', 'Tegal', 'default.png', '$2y$10$ZgbReWD18hilduLXuPN9DexZ3VHWd1fiIS0oaEsie6FR6WkIAVHGG', NULL, NULL, NULL, NULL, NULL, NULL, 1, 0, '2022-12-19 15:02:58', '2022-12-19 15:02:58', NULL),
(10113, 'ekawinarsih@gmail.com', 'ekawi25', 'eka winarsih', '1989-02-15', '6282988402431', 'ekawinarsih', 'Indonesia', 'Depok', 'default.png', '$2y$10$ZgbReWD18hilduLXuPN9DexZ3VHWd1fiIS0oaEsie6FR6WkIAVHGG', NULL, NULL, NULL, NULL, NULL, NULL, 1, 0, '2022-12-19 15:02:58', '2022-12-19 15:02:58', NULL),
(10114, 'wasisnain21@gmail.com', 'wasisnain', 'wasis waninggolan', '1999-01-27', '6285993485777', 'wasisnain', 'Indonesia', 'Bogor', 'default.png', '$2y$10$ZgbReWD18hilduLXuPN9DexZ3VHWd1fiIS0oaEsie6FR6WkIAVHGG', NULL, NULL, NULL, NULL, NULL, NULL, 1, 0, '2022-12-19 15:02:58', '2022-12-19 15:02:58', NULL),
(10115, 'gambira10waluyo@gmail.com', 'gambira10waluyo', 'Gambira Waluyo', '1994-01-07', '628243033659', 'gambira10waluyo', 'Indonesia', 'Prabumulih', 'default.png', '$2y$10$ZgbReWD18hilduLXuPN9DexZ3VHWd1fiIS0oaEsie6FR6WkIAVHGG', NULL, NULL, NULL, NULL, NULL, NULL, 1, 0, '2022-12-19 15:02:58', '2022-12-19 15:02:58', NULL),
(10116, 'dipanagunarto@gmail.com', 'dipanugunarto', 'Dipa Gunarto', '1994-02-12', '6241966973987', 'dipanugunarto', 'Indonesia', 'Surakarta', 'default.png', '$2y$10$ZgbReWD18hilduLXuPN9DexZ3VHWd1fiIS0oaEsie6FR6WkIAVHGG', NULL, NULL, NULL, NULL, NULL, NULL, 1, 0, '2022-12-19 15:02:58', '2022-12-19 15:02:58', NULL),
(10117, 'amipalasstri2020@gmail.com', 'ami_palas', 'Ami Palastri', '1994-07-21', '6241966973987', 'ami_palas', 'Indonesia', 'Pontianak', 'default.png', '$2y$10$ZgbReWD18hilduLXuPN9DexZ3VHWd1fiIS0oaEsie6FR6WkIAVHGG', NULL, NULL, NULL, NULL, NULL, NULL, 1, 0, '2022-12-19 15:02:58', '2022-12-19 15:02:58', NULL),
(10118, 'rendymahendra40@gmail.com', 'rendymahendra40', 'Rendy Mahendra', '1994-07-21', '626444488842', 'rendymahendra40', 'Indonesia', 'Padang', 'default.png', '$2y$10$ZgbReWD18hilduLXuPN9DexZ3VHWd1fiIS0oaEsie6FR6WkIAVHGG', NULL, NULL, NULL, NULL, NULL, NULL, 1, 0, '2022-12-19 15:02:58', '2022-12-19 15:02:58', NULL),
(10119, 'devilestaris2001@gmail.com', 'devilestaris', 'Devi Lestari', '2000-01-01', '6248981584657', 'devilestaris', 'Indonesia', 'Surabaya', 'default.png', '$2y$10$ZgbReWD18hilduLXuPN9DexZ3VHWd1fiIS0oaEsie6FR6WkIAVHGG', NULL, NULL, NULL, NULL, NULL, NULL, 1, 0, '2022-12-19 15:02:58', '2022-12-19 15:02:58', NULL),
(10120, 'yulianakamilalestari2010@gmail.com', 'yulianakamilalest', 'Yuliana Kamila Lestari', '1999-02-14', '629383607373', 'yulianakamilalest', 'Indonesia', 'Bandar Lampung', 'default.png', '$2y$10$ZgbReWD18hilduLXuPN9DexZ3VHWd1fiIS0oaEsie6FR6WkIAVHGG', NULL, NULL, NULL, NULL, NULL, NULL, 1, 0, '2022-12-19 15:02:58', '2022-12-19 15:02:58', NULL),
(10121, 'rahmitari10pertiwi@gmail.com', 'rahmitari10pertiwi', 'Rahmi Tari Pertiwi', '1994-07-21', '626444488842', 'rahmitari10pertiwi', 'Indonesia', 'Sorong', 'default.png', '$2y$10$ZgbReWD18hilduLXuPN9DexZ3VHWd1fiIS0oaEsie6FR6WkIAVHGG', NULL, NULL, NULL, NULL, NULL, NULL, 1, 0, '2022-12-19 15:02:58', '2022-12-19 15:02:58', NULL),
(10122, 'mutiaharyanti5@gmail.com', 'mutiaharyanti5', 'Mutia Haryanti', '1897-05-05', '6248981584657', 'mutiaharyanti5', 'Indonesia', 'Medan', 'default.png', '$2y$10$ZgbReWD18hilduLXuPN9DexZ3VHWd1fiIS0oaEsie6FR6WkIAVHGG', NULL, NULL, NULL, NULL, NULL, NULL, 1, 0, '2022-12-19 15:02:58', '2022-12-19 15:02:58', NULL),
(10123, 'tinaendahpadmasari1703@gmail.com', 'tinaendahpadmasari1703', 'Tina Endah Padmasari', '1999-03-17', '628724870223', 'tinaendahpadmasari1703', 'Indonesia', 'Mojo Kerto', 'default.png', '$2y$10$ZgbReWD18hilduLXuPN9DexZ3VHWd1fiIS0oaEsie6FR6WkIAVHGG', NULL, NULL, NULL, NULL, NULL, NULL, 1, 0, '2022-12-19 15:02:58', '2022-12-19 15:02:58', NULL),
(10124, 'wardaya298@gmail.com', 'wardaya298', 'Wardaya Arta Irawan', '1999-01-03', '6281338294001', 'wardaya298', 'Indonesia', 'Bitung', 'default.png', '$2y$10$ZgbReWD18hilduLXuPN9DexZ3VHWd1fiIS0oaEsie6FR6WkIAVHGG', NULL, NULL, NULL, NULL, NULL, NULL, 1, 0, '2022-12-19 15:02:58', '2022-12-19 15:02:58', NULL),
(10125, 'maimunahpadmi@gmail.com', 'maimunahpadmi', 'Padmi Maimunah Rahmawati', '1988-12-23', '6289622341143', 'maimunahpadmi', 'Indonesia', 'Depok', 'default.png', '$2y$10$ZgbReWD18hilduLXuPN9DexZ3VHWd1fiIS0oaEsie6FR6WkIAVHGG', NULL, NULL, NULL, NULL, NULL, NULL, 1, 0, '2022-12-19 15:02:58', '2022-12-19 15:02:58', NULL),
(10126, 'narpatimaryanto@gmail.com', 'narpatimaryanto', 'Maryanto Narpati', '1998-04-29', '6289600129323', 'narpatimaryanto', 'Indonesia', 'Pasuruan', 'default.png', '$2y$10$ZgbReWD18hilduLXuPN9DexZ3VHWd1fiIS0oaEsie6FR6WkIAVHGG', NULL, NULL, NULL, NULL, NULL, NULL, 1, 0, '2022-12-19 15:02:58', '2022-12-19 15:02:58', NULL),
(10127, 'ekamadriayahhh@gmail.com', 'ekamadriayahhh', 'Eka Mardhiyah', '1999-01-03', '6281338294001', 'ekamadriayahhh', 'Indonesia', 'Padangsidempuan', 'default.png', '$2y$10$ZgbReWD18hilduLXuPN9DexZ3VHWd1fiIS0oaEsie6FR6WkIAVHGG', NULL, NULL, NULL, NULL, NULL, NULL, 1, 0, '2022-12-19 15:02:58', '2022-12-19 15:02:58', NULL),
(10128, 'bagustasdik_kusumo@gmail.com', 'bagustasdik_kusumo', 'Bagus Tasdik Kusumo', '1996-06-13', '6282338947957', 'bagustasdik_kusumo', 'Indonesia', 'Cilacap', 'default.png', '$2y$10$ZgbReWD18hilduLXuPN9DexZ3VHWd1fiIS0oaEsie6FR6WkIAVHGG', NULL, NULL, NULL, NULL, NULL, NULL, 1, 0, '2022-12-19 15:02:58', '2022-12-19 15:02:58', NULL),
(10129, 'hildamardhiyah@gmail.com', 'hildamardhiyah', 'Hilda Mardhiyah', '1999-01-27', '62863830424', 'hildamardhiyah', 'Indonesia', 'Prabumulih', 'default.png', '$2y$10$ZgbReWD18hilduLXuPN9DexZ3VHWd1fiIS0oaEsie6FR6WkIAVHGG', NULL, NULL, NULL, NULL, NULL, NULL, 1, 0, '2022-12-19 15:02:58', '2022-12-19 15:02:58', NULL),
(10130, 'sucilailasari14@gmail.com', 'sucilailasari14', 'Suci Lailasari', '1994-01-14', '628243033659', 'sucilailasari14', 'Indonesia', 'Tebing Tinggi', 'default.png', '$2y$10$ZgbReWD18hilduLXuPN9DexZ3VHWd1fiIS0oaEsie6FR6WkIAVHGG', NULL, NULL, NULL, NULL, NULL, NULL, 1, 0, '2022-12-19 15:02:58', '2022-12-19 15:02:58', NULL),
(10131, 'hestihes@gmail.com', 'hestihes', 'Hesti Kusmawati', '1997-07-12', '629865524464', 'hestihes', 'Indonesia', 'Parepare', 'default.png', '$2y$10$ZgbReWD18hilduLXuPN9DexZ3VHWd1fiIS0oaEsie6FR6WkIAVHGG', NULL, NULL, NULL, NULL, NULL, NULL, 1, 0, '2022-12-19 15:02:58', '2022-12-19 15:02:58', NULL),
(10132, 'darunapurwaditoro@gmail.com', 'darunapurwaditoro', 'Daruna Purwadi Firgantoro', '1994-07-21', '6241966973987', 'darunapurwaditoro', 'Indonesia', 'Pekalongan', 'default.png', '$2y$10$ZgbReWD18hilduLXuPN9DexZ3VHWd1fiIS0oaEsie6FR6WkIAVHGG', NULL, NULL, NULL, NULL, NULL, NULL, 1, 0, '2022-12-19 15:02:58', '2022-12-19 15:02:58', NULL),
(10133, 'karimahhast@gmail.com', 'karimahhast', 'Karimah Astuti', '1994-07-21', '626444488842', 'karimahhast', 'Indonesia', 'Bandung', 'default.png', '$2y$10$ZgbReWD18hilduLXuPN9DexZ3VHWd1fiIS0oaEsie6FR6WkIAVHGG', NULL, NULL, NULL, NULL, NULL, NULL, 1, 0, '2022-12-19 15:02:58', '2022-12-19 15:02:58', NULL),
(10134, 'rafidjarwi10@gmail.com', 'rafidjarwi10', 'Rafid Jarwi Gunawan', '1994-07-21', '6241966973987', 'rafidjarwi10', 'Indonesia', 'Pekanbaru', 'default.png', '$2y$10$ZgbReWD18hilduLXuPN9DexZ3VHWd1fiIS0oaEsie6FR6WkIAVHGG', NULL, NULL, NULL, NULL, NULL, NULL, 1, 0, '2022-12-19 15:02:58', '2022-12-19 15:02:58', NULL),
(10135, 'dindasuryatmi@gmail.com', 'dindasuryatmi', 'Dinda Suryatmi', '1998-07-16', '627978999752', 'dindasuryatmi', 'Indonesia', 'Tanggerang', 'default.png', '$2y$10$ZgbReWD18hilduLXuPN9DexZ3VHWd1fiIS0oaEsie6FR6WkIAVHGG', NULL, NULL, NULL, NULL, NULL, NULL, 1, 0, '2022-12-19 15:02:58', '2022-12-19 15:02:58', NULL),
(10136, 'puspaamel@gmail.com', 'puspaamel', 'Puspa Amelia Namaga', '1998-07-16', '627978999752', 'puspaamel', 'Indonesia', 'Kediri', 'default.png', '$2y$10$ZgbReWD18hilduLXuPN9DexZ3VHWd1fiIS0oaEsie6FR6WkIAVHGG', NULL, NULL, NULL, NULL, NULL, NULL, 1, 0, '2022-12-19 15:02:58', '2022-12-19 15:02:58', NULL),
(10137, 'makaramak@gmail.com', 'makaramak', 'Makara Mansur', '1998-07-16', '627994799752', 'makaramak', 'Indonesia', 'Dumai', 'default.png', '$2y$10$ZgbReWD18hilduLXuPN9DexZ3VHWd1fiIS0oaEsie6FR6WkIAVHGG', NULL, NULL, NULL, NULL, NULL, NULL, 1, 0, '2022-12-19 15:02:58', '2022-12-19 15:02:58', NULL),
(10138, 'dianmardiyah20@gmail.com', 'dianmardiyah20', 'Dian Mardhiyah', '1998-07-16', '627978999752', 'dianmardiyah20', 'Indonesia', 'Tebing Tinggi', 'default.png', '$2y$10$ZgbReWD18hilduLXuPN9DexZ3VHWd1fiIS0oaEsie6FR6WkIAVHGG', NULL, NULL, NULL, NULL, NULL, NULL, 1, 0, '2022-12-19 15:02:58', '2022-12-19 15:02:58', NULL),
(10139, 'elijuliajul2@gmail.com', 'elijuliajul2', 'Eli Julia', '1998-07-16', '627994790062', 'elijuliajul2', 'Indonesia', 'Batam', 'default.png', '$2y$10$ZgbReWD18hilduLXuPN9DexZ3VHWd1fiIS0oaEsie6FR6WkIAVHGG', NULL, NULL, NULL, NULL, NULL, NULL, 1, 0, '2022-12-19 15:02:58', '2022-12-19 15:02:58', NULL),
(10140, 'nalarmul@gmail.com', 'nalarmul', 'Nalar Mulyono Ardianto', '1998-07-16', '627987469752', 'nalarmul', 'Indonesia', 'Tomohon', 'default.png', '$2y$10$ZgbReWD18hilduLXuPN9DexZ3VHWd1fiIS0oaEsie6FR6WkIAVHGG', NULL, NULL, NULL, NULL, NULL, NULL, 1, 0, '2022-12-19 15:02:58', '2022-12-19 15:02:58', NULL),
(10141, 'cecep_gading_ram@gmail.com', 'cecep_gading_ram', 'Cecep Gading Ramadan', '1998-07-15', '68323464025', 'cecep_gading_ram', 'Indonesia', 'Cilegon', 'default.png', '$2y$10$ZgbReWD18hilduLXuPN9DexZ3VHWd1fiIS0oaEsie6FR6WkIAVHGG', NULL, NULL, NULL, NULL, NULL, NULL, 1, 0, '2022-12-19 15:02:58', '2022-12-19 15:02:58', NULL),
(10142, 'oktokariman15@gmail.com', 'oktokariman15', 'Okto Kariman', '1998-07-15', '68323464025', 'oktokariman15', 'Indonesia', 'Bandung', 'default.png', '$2y$10$ZgbReWD18hilduLXuPN9DexZ3VHWd1fiIS0oaEsie6FR6WkIAVHGG', NULL, NULL, NULL, NULL, NULL, NULL, 1, 0, '2022-12-19 15:02:58', '2022-12-19 15:02:58', NULL),
(10143, 'cintawastuti_h@gmail.com', 'cintawastuti_h', 'Cinta Wastuti', '1998-07-16', '627987469752', 'cintawastuti_h', 'Indonesia', 'Subulussalam', 'default.png', '$2y$10$ZgbReWD18hilduLXuPN9DexZ3VHWd1fiIS0oaEsie6FR6WkIAVHGG', NULL, NULL, NULL, NULL, NULL, NULL, 1, 0, '2022-12-19 15:02:58', '2022-12-19 15:02:58', NULL),
(10144, 'juliharyanti2@gmail.com', 'juliharyanti2', 'Juli Haryanti', '1998-02-12', '68300064025', 'juliharyanti2', 'Indonesia', 'Sibolga', 'default.png', '$2y$10$ZgbReWD18hilduLXuPN9DexZ3VHWd1fiIS0oaEsie6FR6WkIAVHGG', NULL, NULL, NULL, NULL, NULL, NULL, 1, 0, '2022-12-19 15:02:58', '2022-12-19 15:02:58', NULL),
(10145, 'nadinenad@gmail.com', 'nadinenad', 'Nadine Rahimah', '1998-07-15', '68323464025', 'nadinenad', 'Indonesia', 'Banjar', 'default.png', '$2y$10$ZgbReWD18hilduLXuPN9DexZ3VHWd1fiIS0oaEsie6FR6WkIAVHGG', NULL, NULL, NULL, NULL, NULL, NULL, 1, 0, '2022-12-19 15:02:58', '2022-12-19 15:02:58', NULL),
(10146, 'agusnardi@gmail.com', 'agusnardi', 'Agus Nardi', '1998-07-16', '627987469752', 'agusnardi', 'Indonesia', 'Surakarta', 'default.png', '$2y$10$ZgbReWD18hilduLXuPN9DexZ3VHWd1fiIS0oaEsie6FR6WkIAVHGG', NULL, NULL, NULL, NULL, NULL, NULL, 1, 0, '2022-12-19 15:02:58', '2022-12-19 15:02:58', NULL),
(10147, 'tariyunitaast@gmail.com', 'tariyunitaast', 'Tari Yunita Astuti', '1998-02-12', '68300064025', 'tariyunitaast', 'Indonesia', 'Palembang', 'default.png', '$2y$10$ZgbReWD18hilduLXuPN9DexZ3VHWd1fiIS0oaEsie6FR6WkIAVHGG', NULL, NULL, NULL, NULL, NULL, NULL, 1, 0, '2022-12-19 15:02:58', '2022-12-19 15:02:58', NULL),
(10148, 'lasmonopraset_yya@gmail.com', 'lasmonopraset_yya', 'Lasmono Prasetya', '1998-07-15', '68323464025', 'lasmonopraset_yya', 'Indonesia', 'Dumai', 'default.png', '$2y$10$ZgbReWD18hilduLXuPN9DexZ3VHWd1fiIS0oaEsie6FR6WkIAVHGG', NULL, NULL, NULL, NULL, NULL, NULL, 1, 0, '2022-12-19 15:02:58', '2022-12-19 15:02:58', NULL),
(10149, 'hamilmuhhalim@gmail.com', 'hamilmuhhalim', 'Halim Muhammad', '1998-07-16', '627900369752', 'hamilmuhhalim', 'Indonesia', 'Tanjungbalai', 'default.png', '$2y$10$ZgbReWD18hilduLXuPN9DexZ3VHWd1fiIS0oaEsie6FR6WkIAVHGG', NULL, NULL, NULL, NULL, NULL, NULL, 1, 0, '2022-12-19 15:02:58', '2022-12-19 15:02:58', NULL),
(10150, 'yitnaprayitna@gmail.com', 'yitnaprayitna', 'Prayitna', '1998-02-12', '683009384025', 'yitnaprayitna', 'Indonesia', 'Batam', 'default.png', '$2y$10$ZgbReWD18hilduLXuPN9DexZ3VHWd1fiIS0oaEsie6FR6WkIAVHGG', NULL, NULL, NULL, NULL, NULL, NULL, 1, 0, '2022-12-19 15:02:58', '2022-12-19 15:02:58', NULL),
(10151, 'indrahakimal@gmail.com', 'indrahakimal', 'Indra Hakim Al', '1998-07-15', '68323464025', 'indrahakimal', 'Indonesia', 'Sungai Penuh', 'default.png', '$2y$10$ZgbReWD18hilduLXuPN9DexZ3VHWd1fiIS0oaEsie6FR6WkIAVHGG', NULL, NULL, NULL, NULL, NULL, NULL, 1, 0, '2022-12-19 15:02:58', '2022-12-19 15:02:58', NULL),
(10152, 'nilammuhmmd@gmail.com', 'nilammuhmmd', 'Nilam Muhammad', '1998-07-16', '627900369752', 'nilammuhmmd', 'Indonesia', 'Malang', 'default.png', '$2y$10$ZgbReWD18hilduLXuPN9DexZ3VHWd1fiIS0oaEsie6FR6WkIAVHGG', NULL, NULL, NULL, NULL, NULL, NULL, 1, 0, '2022-12-19 15:02:58', '2022-12-19 15:02:58', NULL),
(10153, 'mumpuni_murti28@gmail.com', 'mumpuni_murti28', 'Mumpuni Harimurti', '1980-02-03', '683009384025', 'mumpuni_murti28', 'Indonesia', 'Binjai', 'default.png', '$2y$10$ZgbReWD18hilduLXuPN9DexZ3VHWd1fiIS0oaEsie6FR6WkIAVHGG', NULL, NULL, NULL, NULL, NULL, NULL, 1, 0, '2022-12-19 15:02:58', '2022-12-19 15:02:58', NULL),
(10154, 'alambana@gmail.com', 'alambana', 'Alambana Manullang', '1980-02-03', '683009384025', 'alambana', 'Indonesia', 'Sabang', 'default.png', '$2y$10$ZgbReWD18hilduLXuPN9DexZ3VHWd1fiIS0oaEsie6FR6WkIAVHGG', NULL, NULL, NULL, NULL, NULL, NULL, 1, 0, '2022-12-19 15:02:58', '2022-12-19 15:02:58', NULL),
(10155, 'aisyahharnisa@gmail.com', 'aisyahharnisa', 'Aisyah Harnisa Tara', '1980-02-03', '683009384025', 'aisyahharnisa', 'Indonesia', 'Bali', 'default.png', '$2y$10$ZgbReWD18hilduLXuPN9DexZ3VHWd1fiIS0oaEsie6FR6WkIAVHGG', NULL, NULL, NULL, NULL, NULL, NULL, 1, 0, '2022-12-19 15:02:58', '2022-12-19 15:02:58', NULL),
(10156, 'dadap_wac@gmail.com', 'dadap_wac', 'Dadap Wacana', '1998-07-15', '68323464025', 'dadap_wac', 'Indonesia', 'Mataram', 'default.png', '$2y$10$ZgbReWD18hilduLXuPN9DexZ3VHWd1fiIS0oaEsie6FR6WkIAVHGG', NULL, NULL, NULL, NULL, NULL, NULL, 1, 0, '2022-12-19 15:02:58', '2022-12-19 15:02:58', NULL),
(10157, 'jayengprasaas@gmail.com', 'jayengprasaas', 'Jayeng Prasasta', '2001-07-16', '627900369752', 'jayengprasaas', 'Indonesia', 'Palu', 'default.png', '$2y$10$ZgbReWD18hilduLXuPN9DexZ3VHWd1fiIS0oaEsie6FR6WkIAVHGG', NULL, NULL, NULL, NULL, NULL, NULL, 1, 0, '2022-12-19 15:02:58', '2022-12-19 15:02:58', NULL),
(10158, 'ejasanto@gmail.com', 'ejasanto', 'Eja Santoso', '1980-02-03', '683009384025', 'ejasanto', 'Indonesia', 'Pekanbatu', 'default.png', '$2y$10$ZgbReWD18hilduLXuPN9DexZ3VHWd1fiIS0oaEsie6FR6WkIAVHGG', NULL, NULL, NULL, NULL, NULL, NULL, 1, 0, '2022-12-19 15:02:58', '2022-12-19 15:02:58', NULL),
(10159, 'gentarestu00@gmail.com', 'gentarestu00', 'Genta Restu Pudjiastuti', '1980-02-03', '683009384025', 'gentarestu00', 'Indonesia', 'Yogjakarta', 'default.png', '$2y$10$ZgbReWD18hilduLXuPN9DexZ3VHWd1fiIS0oaEsie6FR6WkIAVHGG', NULL, NULL, NULL, NULL, NULL, NULL, 1, 0, '2022-12-19 15:02:58', '2022-12-19 15:02:58', NULL),
(10160, 'diannovitasari50@gmail.com', 'diannovitasari50', 'Dian Novitasari', '1980-02-03', '628072386907', 'diannovitasari50', 'Indonesia', 'Yogjakarta', 'default.png', '$2y$10$ZgbReWD18hilduLXuPN9DexZ3VHWd1fiIS0oaEsie6FR6WkIAVHGG', NULL, NULL, NULL, NULL, NULL, NULL, 1, 0, '2022-12-19 15:02:58', '2022-12-19 15:02:58', NULL),
(10161, 'kamidinhutagalungkam@gmail.com', 'kamidinhutagalungkam', 'Kamidin Hutagalung ', '1890-07-15', '68311264025', 'kamidinhutagalungkam', 'Indonesia', 'Palangka Raya', 'default.png', '$2y$10$ZgbReWD18hilduLXuPN9DexZ3VHWd1fiIS0oaEsie6FR6WkIAVHGG', NULL, NULL, NULL, NULL, NULL, NULL, 1, 0, '2022-12-19 15:02:58', '2022-12-19 15:02:58', NULL),
(10162, 'bahuwarnatamba@gmail.com', 'bahuwarnatamba', 'Bahuwarna Tamba', '2001-07-16', '627900369752', 'bahuwarnatamba', 'Indonesia', 'Ambon', 'default.png', '$2y$10$ZgbReWD18hilduLXuPN9DexZ3VHWd1fiIS0oaEsie6FR6WkIAVHGG', NULL, NULL, NULL, NULL, NULL, NULL, 1, 0, '2022-12-19 15:02:58', '2022-12-19 15:02:58', NULL),
(10175, 'clara_cintya@gmail.com', 'clara_cintya', 'Clara cintya', '1980-02-03', '683009321025', 'clara_cintya', 'Indonesia', 'Bandung', 'default.png', '$2y$10$ZgbReWD18hilduLXuPN9DexZ3VHWd1fiIS0oaEsie6FR6WkIAVHGG', NULL, NULL, NULL, NULL, NULL, NULL, 1, 0, '2022-12-19 15:02:58', '2022-12-19 15:02:58', NULL),
(10176, 'hafshah_devisuryatmi@gmail.com', 'hafshah_devisuryatmi', 'Hafshah Devi Suryatmi', '1980-02-03', '683009384025', 'hafshah_devisuryatmi', 'Indonesia', 'Langsa', 'default.png', '$2y$10$ZgbReWD18hilduLXuPN9DexZ3VHWd1fiIS0oaEsie6FR6WkIAVHGG', NULL, NULL, NULL, NULL, NULL, NULL, 1, 0, '2022-12-19 15:02:58', '2022-12-19 15:02:58', NULL),
(10177, 'sitifaf0019@gmail.com', 'sitiafaf0019', 'Siti Safitri', '1980-02-03', '683009384025', 'sitifaf0019', 'Indonesia', 'Binjai', 'default.png', '$2y$10$ZgbReWD18hilduLXuPN9DexZ3VHWd1fiIS0oaEsie6FR6WkIAVHGG', NULL, NULL, NULL, NULL, NULL, NULL, 1, 0, '2022-12-19 15:02:58', '2022-12-19 15:02:58', NULL),
(10178, 'diannovitassaari50@gmail.com', 'diannovaitasari50', 'Dian Novitasari', '1980-02-03', '628072386907', 'diannovitasari50', 'Indonesia', 'Yogjakarta', 'default.png', '$2y$10$ZgbReWD18hilduLXuPN9DexZ3VHWd1fiIS0oaEsie6FR6WkIAVHGG', NULL, NULL, NULL, NULL, NULL, NULL, 1, 0, '2022-12-19 15:02:58', '2022-12-19 15:02:58', NULL),
(10179, 'anastasiaa_1@gmail.com', 'anastaasia_1', 'Anastasia Riyanti ', '2003-04-28', '68311264025', 'anastasia_1', 'Indonesia', 'Sabang', 'default.png', '$2y$10$ZgbReWD18hilduLXuPN9DexZ3VHWd1fiIS0oaEsie6FR6WkIAVHGG', NULL, NULL, NULL, NULL, NULL, NULL, 1, 0, '2022-12-19 15:02:58', '2022-12-19 15:02:58', NULL),
(10180, 'naataharaa@gmail.com', 'naataahara', 'Naa Tahara', '2001-07-16', '627900369752', 'naatahara', 'Indonesia', 'Cikarang', 'default.png', '$2y$10$ZgbReWD18hilduLXuPN9DexZ3VHWd1fiIS0oaEsie6FR6WkIAVHGG', NULL, NULL, NULL, NULL, NULL, NULL, 1, 0, '2022-12-19 15:02:58', '2022-12-19 15:02:58', NULL),
(10181, 'fathurekxx@gmail.com', 'fathurekxx', 'Fathur Eka', '1980-02-03', '683009384025', 'fathurekxx', 'Indonesia', 'Jakarta', 'default.png', '$2y$10$ZgbReWD18hilduLXuPN9DexZ3VHWd1fiIS0oaEsie6FR6WkIAVHGG', NULL, NULL, NULL, NULL, NULL, NULL, 1, 0, '2022-12-19 15:02:58', '2022-12-19 15:02:58', NULL),
(10182, 'pertiwisiti23@gmail.com', 'pertiwisiti23', 'Siti Pertiwi', '1980-02-03', '683009384025', 'pertiwisiti23', 'Indonesia', 'Bukittinggi', 'default.png', '$2y$10$ZgbReWD18hilduLXuPN9DexZ3VHWd1fiIS0oaEsie6FR6WkIAVHGG', NULL, NULL, NULL, NULL, NULL, NULL, 1, 0, '2022-12-19 15:02:58', '2022-12-19 15:02:58', NULL),
(10183, 'arrayamiftaaaa@gmail.com', 'arrayamiftaaaa', 'Arraya Mifta', '1980-02-03', '683009384025', 'arrayamiftaaaa', 'Indonesia', 'Bekasi', 'default.png', '$2y$10$ZgbReWD18hilduLXuPN9DexZ3VHWd1fiIS0oaEsie6FR6WkIAVHGG', NULL, NULL, NULL, NULL, NULL, NULL, 1, 0, '2022-12-19 15:02:58', '2022-12-19 15:02:58', NULL),
(10184, 'mhmddluthfi@gmail.com', 'mhmddluthfi', 'Muhammad Luthfi', '1980-02-03', '683009384025', 'mhmddluthfi', 'Indonesia', 'Jakarta', 'default.png', '$2y$10$ZgbReWD18hilduLXuPN9DexZ3VHWd1fiIS0oaEsie6FR6WkIAVHGG', NULL, NULL, NULL, NULL, NULL, NULL, 1, 0, '2022-12-19 15:02:58', '2022-12-19 15:02:58', NULL),
(10185, 'iqblsprint@gmail.com', 'iqblsprint', 'Iqbal Suprtianto', '2002-06-15', '68323464025', 'iqblsprint', 'Indonesia', 'Depok', 'default.png', '$2y$10$ZgbReWD18hilduLXuPN9DexZ3VHWd1fiIS0oaEsie6FR6WkIAVHGG', NULL, NULL, NULL, NULL, NULL, NULL, 1, 0, '2022-12-19 15:02:58', '2022-12-19 15:02:58', NULL),
(10186, 'lalunac@gmail.com', 'lalunac', 'Laluna', '2001-07-16', '627900472752', 'lalunac', 'Indonesia', 'Palu', 'default.png', '$2y$10$ZgbReWD18hilduLXuPN9DexZ3VHWd1fiIS0oaEsie6FR6WkIAVHGG', NULL, NULL, NULL, NULL, NULL, NULL, 1, 0, '2022-12-19 15:02:58', '2022-12-19 15:02:58', NULL),
(10187, 'ayuamnd_manda@gmail.com', 'ayuamnd_manda', 'Ayu Amanda', '1980-02-03', '683009384025', 'ayuamnd_manda', 'Indonesia', 'Malang', 'default.png', '$2y$10$ZgbReWD18hilduLXuPN9DexZ3VHWd1fiIS0oaEsie6FR6WkIAVHGG', NULL, NULL, NULL, NULL, NULL, NULL, 1, 0, '2022-12-19 15:02:58', '2022-12-19 15:02:58', NULL),
(10188, 'Farhanaddt@gmail.com', 'Farhanaddt', 'Farhan Aditya', '1980-02-03', '683009384025', 'Farhanaddt', 'Indonesia', 'Kemang', 'default.png', '$2y$10$ZgbReWD18hilduLXuPN9DexZ3VHWd1fiIS0oaEsie6FR6WkIAVHGG', NULL, NULL, NULL, NULL, NULL, NULL, 1, 0, '2022-12-19 15:02:58', '2022-12-19 15:02:58', NULL),
(10189, 'gorilala@gmail.com', 'gorilala', 'Gori', '1980-02-03', '683009384025', 'gorilala', 'Indonesia', 'Cikarang', 'default.png', '$2y$10$ZgbReWD18hilduLXuPN9DexZ3VHWd1fiIS0oaEsie6FR6WkIAVHGG', NULL, NULL, NULL, NULL, NULL, NULL, 1, 0, '2022-12-19 15:02:58', '2022-12-19 15:02:58', NULL),
(10190, 'dianas@gmail.com', 'dianas', 'Dian Astapra', '1980-02-03', '683409384115', 'dianas', 'Indonesia', 'Jakarta', 'default.png', '$2y$10$ZgbReWD18hilduLXuPN9DexZ3VHWd1fiIS0oaEsie6FR6WkIAVHGG', NULL, NULL, NULL, NULL, NULL, NULL, 1, 0, '2022-12-19 15:02:58', '2022-12-19 15:02:58', NULL),
(10191, 'haikal_fikkih20@gmail.com', 'haikal_fikkih20', 'Haikal Fikkih', '2002-11-20', '68323464025', 'haikal_fikkih20', 'Indonesia', 'Tanggerang', 'default.png', '$2y$10$ZgbReWD18hilduLXuPN9DexZ3VHWd1fiIS0oaEsie6FR6WkIAVHGG', NULL, NULL, NULL, NULL, NULL, NULL, 1, 0, '2022-12-19 15:02:58', '2022-12-19 15:02:58', NULL),
(10192, 'gibranyan@gmail.com', 'gibranyan', 'Gibran Yanuar', '2001-07-16', '627900472752', 'gibranyan', 'Indonesia', 'Serang', 'default.png', '$2y$10$ZgbReWD18hilduLXuPN9DexZ3VHWd1fiIS0oaEsie6FR6WkIAVHGG', NULL, NULL, NULL, NULL, NULL, NULL, 1, 0, '2022-12-19 15:02:58', '2022-12-19 15:02:58', NULL),
(10193, 'wahyuadsant@gmail.com', 'wahyuadsant', 'Wahyu Adi Santoso', '1980-02-03', '683009384025', 'wahyuadsant', 'Indonesia', 'Bogor', 'default.png', '$2y$10$ZgbReWD18hilduLXuPN9DexZ3VHWd1fiIS0oaEsie6FR6WkIAVHGG', NULL, NULL, NULL, NULL, NULL, NULL, 1, 0, '2022-12-19 15:02:58', '2022-12-19 15:02:58', NULL),
(10194, 'kayzasr@gmail.com', 'kayzasr', 'Kayza', '2000-02-03', '683009384025', 'kayzasr', 'Indonesia', 'Depok', 'default.png', '$2y$10$ZgbReWD18hilduLXuPN9DexZ3VHWd1fiIS0oaEsie6FR6WkIAVHGG', NULL, NULL, NULL, NULL, NULL, NULL, 1, 0, '2022-12-19 15:02:58', '2022-12-19 15:02:58', NULL),
(10195, 'aldoags2@gmail.com', 'aldoags2', 'Aldo Agus', '1999-02-03', '683009384025', 'aldoags2', 'Indonesia', 'Malang', 'default.png', '$2y$10$ZgbReWD18hilduLXuPN9DexZ3VHWd1fiIS0oaEsie6FR6WkIAVHGG', NULL, NULL, NULL, NULL, NULL, NULL, 1, 0, '2022-12-19 15:02:58', '2022-12-19 15:02:58', NULL),
(10196, 'galihmuhmmdd_@gmail.com', 'galihmuhmmdd_', 'Galih Muhammad', '2001-02-03', '683409384115', 'galihmuhmmdd_', 'Indonesia', 'Jambi', 'default.png', '$2y$10$ZgbReWD18hilduLXuPN9DexZ3VHWd1fiIS0oaEsie6FR6WkIAVHGG', NULL, NULL, NULL, NULL, NULL, NULL, 1, 0, '2022-12-19 15:02:58', '2022-12-19 15:02:58', NULL),
(10197, 'zidan_abrahamm@gmail.com', 'zidan_abrahamm', 'Zidan Abraham', '2002-09-11', '68323464025', 'zidan_abrahamm', 'Indonesia', 'Depok', 'default.png', '$2y$10$ZgbReWD18hilduLXuPN9DexZ3VHWd1fiIS0oaEsie6FR6WkIAVHGG', NULL, NULL, NULL, NULL, NULL, NULL, 1, 0, '2022-12-19 15:02:58', '2022-12-19 15:02:58', NULL),
(10198, 'ichsansundusichan@gmail.com', 'ichsansundusichan', 'Ichsan Sundusi', '2001-07-16', '627900472752', 'ichsansundusichan', 'Indonesia', 'Bandung', 'default.png', '$2y$10$ZgbReWD18hilduLXuPN9DexZ3VHWd1fiIS0oaEsie6FR6WkIAVHGG', NULL, NULL, NULL, NULL, NULL, NULL, 1, 0, '2022-12-19 15:02:58', '2022-12-19 15:02:58', NULL),
(10199, 'difa_putra00@gmail.com', 'difa_putra00', 'Difa Putra', '1980-02-03', '683082214045', 'difa_putra00', 'Indonesia', 'Jakarta', 'default.png', '$2y$10$ZgbReWD18hilduLXuPN9DexZ3VHWd1fiIS0oaEsie6FR6WkIAVHGG', NULL, NULL, NULL, NULL, NULL, NULL, 1, 0, '2022-12-19 15:02:58', '2022-12-19 15:02:58', NULL),
(10200, 'andre_ass@gmail.com', 'andre_ass', 'Andreas', '2000-02-03', '683009384025', 'andre_ass', 'Indonesia', 'Yogjakarta', 'default.png', '$2y$10$ZgbReWD18hilduLXuPN9DexZ3VHWd1fiIS0oaEsie6FR6WkIAVHGG', NULL, NULL, NULL, NULL, NULL, NULL, 1, 0, '2022-12-19 15:02:58', '2022-12-19 15:02:58', NULL),
(10201, 'fitafjrr@gmail.com', 'fitafjrr', 'Fita Fajria', '1999-02-03', '683009384025', 'fitafjrr', 'Indonesia', 'Sukabumi', 'default.png', '$2y$10$ZgbReWD18hilduLXuPN9DexZ3VHWd1fiIS0oaEsie6FR6WkIAVHGG', NULL, NULL, NULL, NULL, NULL, NULL, 1, 0, '2022-12-19 15:02:58', '2022-12-19 15:02:58', NULL),
(10202, 'muhh_billy23@gmail.com', 'muhh_billy23', 'Muhammad Billy', '2001-02-23', '683409384115', 'muhh_billy23', 'Indonesia', 'Padang', 'default.png', '$2y$10$ZgbReWD18hilduLXuPN9DexZ3VHWd1fiIS0oaEsie6FR6WkIAVHGG', NULL, NULL, NULL, NULL, NULL, NULL, 1, 0, '2022-12-19 15:02:58', '2022-12-19 15:02:58', NULL),
(10203, 'nidanisrinaaa@gmail.com', 'nidanisrinaaa', 'Nida Nisrina', '2002-09-11', '68323463372', 'nidanisrinaaa', 'Indonesia', 'Depok', 'default.png', '$2y$10$ZgbReWD18hilduLXuPN9DexZ3VHWd1fiIS0oaEsie6FR6WkIAVHGG', NULL, NULL, NULL, NULL, NULL, NULL, 1, 0, '2022-12-19 15:02:58', '2022-12-19 15:02:58', NULL),
(10204, 'bintangrflnsyh@gmail.com', 'bintangrflnsyh', 'Bintang Rafliansyah', '2001-07-16', '627900472752', 'bintangrflnsyh', 'Indonesia', 'Bekasi', 'default.png', '$2y$10$ZgbReWD18hilduLXuPN9DexZ3VHWd1fiIS0oaEsie6FR6WkIAVHGG', NULL, NULL, NULL, NULL, NULL, NULL, 1, 0, '2022-12-19 15:02:58', '2022-12-19 15:02:58', NULL),
(10205, 'anyamernna@gmail.com', 'anyamernna', 'Anya Meriana', '1996-08-13', '683009384025', 'anyamernna', 'Indonesia', 'Bandar Lampung', 'default.png', '$2y$10$ZgbReWD18hilduLXuPN9DexZ3VHWd1fiIS0oaEsie6FR6WkIAVHGG', NULL, NULL, NULL, NULL, NULL, NULL, 1, 0, '2022-12-19 15:02:58', '2022-12-19 15:02:58', NULL),
(10206, 'intanpuspttw@gmail.com', 'intanpuspttw', 'Intan Puspita', '2000-06-03', '683928384025', 'intanpuspttw', 'Indonesia', 'Mataram', 'default.png', '$2y$10$ZgbReWD18hilduLXuPN9DexZ3VHWd1fiIS0oaEsie6FR6WkIAVHGG', NULL, NULL, NULL, NULL, NULL, NULL, 1, 0, '2022-12-19 15:02:58', '2022-12-19 15:02:58', NULL),
(10207, 'mutiarafajria_@gmail.com', 'mutiarafajria_', 'Mutiara Fajria', '1980-02-19', '683009384025', 'mutiarafajria_', 'Indonesia', 'Blahbatuh', 'default.png', '$2y$10$ZgbReWD18hilduLXuPN9DexZ3VHWd1fiIS0oaEsie6FR6WkIAVHGG', NULL, NULL, NULL, NULL, NULL, NULL, 1, 0, '2022-12-19 15:02:58', '2022-12-19 15:02:58', NULL),
(10208, 'alvarona2022@gmail.com', 'alvarona2022', 'Alva Rona', '2003-10-15', '68323722413', 'alvarona2022', 'Indonesia', 'Malang', 'default.png', '$2y$10$ZgbReWD18hilduLXuPN9DexZ3VHWd1fiIS0oaEsie6FR6WkIAVHGG', NULL, NULL, NULL, NULL, NULL, NULL, 1, 0, '2022-12-19 15:02:58', '2022-12-19 15:02:58', NULL),
(10209, 'lalumuhammad291@gmail.com', 'lalumuhammad291', 'Lalu Muhammad', '2001-07-16', '627900369752', 'lalumuhammad291', 'Indonesia', 'Mataram', 'default.png', '$2y$10$ZgbReWD18hilduLXuPN9DexZ3VHWd1fiIS0oaEsie6FR6WkIAVHGG', NULL, NULL, NULL, NULL, NULL, NULL, 1, 0, '2022-12-19 15:02:58', '2022-12-19 15:02:58', NULL),
(10210, 'ahmadnurkhsn@gmail.com', 'ahmadnurkhsn', 'Ahmad Nurkhasan', '1996-08-13', '683009384025', 'ahmadnurkhsn', 'Indonesia', 'Yogyakarta', 'default.png', '$2y$10$ZgbReWD18hilduLXuPN9DexZ3VHWd1fiIS0oaEsie6FR6WkIAVHGG', NULL, NULL, NULL, NULL, NULL, NULL, 1, 0, '2022-12-19 15:02:58', '2022-12-19 15:02:58', NULL),
(10211, 'rinduclay@gmail.com', 'rinduclay', 'Cladenta Rindu', '2000-06-03', '683928384025', 'rinduclay', 'Indonesia', 'Solo', 'default.png', '$2y$10$ZgbReWD18hilduLXuPN9DexZ3VHWd1fiIS0oaEsie6FR6WkIAVHGG', NULL, NULL, NULL, NULL, NULL, NULL, 1, 0, '2022-12-19 15:02:58', '2022-12-19 15:02:58', NULL),
(10212, 'imeldaputri@gmail.com', 'imeldaputri', 'Imelda Putri', '1980-02-19', '683009384025', 'imeldaputri', 'Indonesia', 'Solo', 'default.png', '$2y$10$ZgbReWD18hilduLXuPN9DexZ3VHWd1fiIS0oaEsie6FR6WkIAVHGG', NULL, NULL, NULL, NULL, NULL, NULL, 1, 0, '2022-12-19 15:02:58', '2022-12-19 15:02:58', NULL),
(10213, 'shfxxx@gmail.com', 'shfxxx', 'Shofia Latifah', '2003-08-29', '68323722000', 'shfxxx', 'Indonesia', 'Malang', 'default.png', '$2y$10$ZgbReWD18hilduLXuPN9DexZ3VHWd1fiIS0oaEsie6FR6WkIAVHGG', NULL, NULL, NULL, NULL, NULL, NULL, 1, 0, '2022-12-19 15:02:58', '2022-12-19 15:02:58', NULL),
(10214, 'syntabianca@gmail.com', 'syntabianca', 'Synta Bianca', '2001-07-16', '627900369752', 'syntabianca', 'Indonesia', 'Jakarta', 'default.png', '$2y$10$ZgbReWD18hilduLXuPN9DexZ3VHWd1fiIS0oaEsie6FR6WkIAVHGG', NULL, NULL, NULL, NULL, NULL, NULL, 1, 0, '2022-12-19 15:02:58', '2022-12-19 15:02:58', NULL),
(10215, 'betabest3@gmail.com', 'betabest3', 'Beta Bestari', '1996-08-13', '683009384025', 'betabest3', 'Indonesia', 'Depok', 'default.png', '$2y$10$ZgbReWD18hilduLXuPN9DexZ3VHWd1fiIS0oaEsie6FR6WkIAVHGG', NULL, NULL, NULL, NULL, NULL, NULL, 1, 0, '2022-12-19 15:02:58', '2022-12-19 15:02:58', NULL),
(10216, 'raihanalfi_@gmail.com', 'raihanalfi_', 'Raihan Alfi', '2000-06-03', '683928384025', 'raihanalfi_', 'Indonesia', 'Jakarta', 'default.png', '$2y$10$ZgbReWD18hilduLXuPN9DexZ3VHWd1fiIS0oaEsie6FR6WkIAVHGG', NULL, NULL, NULL, NULL, NULL, NULL, 1, 0, '2022-12-19 15:02:58', '2022-12-19 15:02:58', NULL),
(10217, 'ibnahmmd@gmail.com', 'ibnahmmd', 'Ibnu Ahmad', '1980-02-19', '683009384025', 'ibnahmmd', 'Indonesia', 'Tanggerang', 'default.png', '$2y$10$ZgbReWD18hilduLXuPN9DexZ3VHWd1fiIS0oaEsie6FR6WkIAVHGG', NULL, NULL, NULL, NULL, NULL, NULL, 1, 0, '2022-12-19 15:02:58', '2022-12-19 15:02:58', NULL),
(10218, 'mufidhsm@gmail.com', 'mufidhsm', 'Mufid Hasyim', '2003-08-29', '68323722000', 'mufidhsm', 'Indonesia', 'Semarang', 'default.png', '$2y$10$ZgbReWD18hilduLXuPN9DexZ3VHWd1fiIS0oaEsie6FR6WkIAVHGG', NULL, NULL, NULL, NULL, NULL, NULL, 1, 0, '2022-12-19 15:02:58', '2022-12-19 15:02:58', NULL),
(10219, 'farelmaulana@gmail.com', 'farelmaulana', 'Farel Maulana', '2001-07-16', '627900369752', 'farelmaulana', 'Indonesia', 'Bekasi', 'default.png', '$2y$10$ZgbReWD18hilduLXuPN9DexZ3VHWd1fiIS0oaEsie6FR6WkIAVHGG', NULL, NULL, NULL, NULL, NULL, NULL, 1, 0, '2022-12-19 15:02:58', '2022-12-19 15:02:58', NULL),
(10220, 'eka_prastuti2@gmail.com', 'eka_prastuti2', 'Eka Prastuti', '1980-02-03', '683009384025', 'eka_prastuti2', 'Indonesia', 'Trenggalek', 'default.png', '$2y$10$ZgbReWD18hilduLXuPN9DexZ3VHWd1fiIS0oaEsie6FR6WkIAVHGG', NULL, NULL, NULL, NULL, NULL, NULL, 1, 0, '2022-12-19 15:02:58', '2022-12-19 15:02:58', NULL),
(10221, 'elmanudiyanti33@gmail.com', 'elmanur33', 'Elma Nurdiyanti', '1980-02-03', '683009384025', 'elmanur33', 'Indonesia', 'Batu', 'default.png', '$2y$10$ZgbReWD18hilduLXuPN9DexZ3VHWd1fiIS0oaEsie6FR6WkIAVHGG', NULL, NULL, NULL, NULL, NULL, NULL, 1, 0, '2022-12-19 15:02:58', '2022-12-19 15:02:58', NULL),
(10222, 'cicizulaikaaa@gmail.com', 'cicizulaikaaa', 'Cici Zulaika', '1980-02-03', '683009384025', 'cicizulaika9', 'Indonesia', 'Bali', 'default.png', '$2y$10$ZgbReWD18hilduLXuPN9DexZ3VHWd1fiIS0oaEsie6FR6WkIAVHGG', NULL, NULL, NULL, NULL, NULL, NULL, 1, 0, '2022-12-19 15:02:58', '2022-12-19 15:02:58', NULL),
(10223, 'rusman_nash@gmail.com', 'rusman_nash', 'Rusman Nashiruddin', '1998-07-15', '68323464025', 'rusman_nash1', 'Indonesia', 'Solo', 'default.png', '$2y$10$ZgbReWD18hilduLXuPN9DexZ3VHWd1fiIS0oaEsie6FR6WkIAVHGG', NULL, NULL, NULL, NULL, NULL, NULL, 1, 0, '2022-12-19 15:02:58', '2022-12-19 15:02:58', NULL),
(10224, 'bellahasanah123@gmail.com', 'bellahasanah', 'Bella Hasanah', '2001-07-16', '627900369752', 'bellahasanah', 'Indonesia', 'Riau', 'default.png', '$2y$10$ZgbReWD18hilduLXuPN9DexZ3VHWd1fiIS0oaEsie6FR6WkIAVHGG', NULL, NULL, NULL, NULL, NULL, NULL, 1, 0, '2022-12-19 15:02:58', '2022-12-19 15:02:58', NULL),
(10225, 'farida_jasmin@gmail.com', 'farida_jasmin1', 'Jasmin Farida', '1980-02-03', '683009384025', 'farida_jasmin', 'Indonesia', 'Kudus', 'default.png', '$2y$10$ZgbReWD18hilduLXuPN9DexZ3VHWd1fiIS0oaEsie6FR6WkIAVHGG', NULL, NULL, NULL, NULL, NULL, NULL, 1, 0, '2022-12-19 15:02:58', '2022-12-19 15:02:58', NULL),
(10226, 'vimanputra30@gmail.com', 'viman3001', 'Viman Putra Rahadi', '1980-02-03', '683009384025', 'virman3001', 'Indonesia', 'Sragen', 'default.png', '$2y$10$ZgbReWD18hilduLXuPN9DexZ3VHWd1fiIS0oaEsie6FR6WkIAVHGG', NULL, NULL, NULL, NULL, NULL, NULL, 1, 0, '2022-12-19 15:02:58', '2022-12-19 15:02:58', NULL),
(10227, 'cemplunk1134@gmail.com', 'cemplunk1134', 'Cemplunk Suwarno', '1980-02-03', '683009384025', 'cemplunk_suwarno', 'Indonesia', 'Solo', 'default.png', '$2y$10$ZgbReWD18hilduLXuPN9DexZ3VHWd1fiIS0oaEsie6FR6WkIAVHGG', NULL, NULL, NULL, NULL, NULL, NULL, 1, 0, '2022-12-19 15:02:58', '2022-12-19 15:02:58', NULL),
(10228, 'lanangzulkarnain@gmail.com', 'zukarnain007', 'Lanang Zukarnain', '1998-07-15', '68323464025', 'zukarnain007', 'Indonesia', 'Boyolali', 'default.png', '$2y$10$ZgbReWD18hilduLXuPN9DexZ3VHWd1fiIS0oaEsie6FR6WkIAVHGG', NULL, NULL, NULL, NULL, NULL, NULL, 1, 0, '2022-12-19 15:02:58', '2022-12-19 15:02:58', NULL),
(10229, 'rinanovitasari@gmail.com', 'rinanov_1', 'Rina Novitasari', '2001-07-16', '627900369752', 'rinanov_1', 'Indonesia', 'Klaten', 'default.png', '$2y$10$ZgbReWD18hilduLXuPN9DexZ3VHWd1fiIS0oaEsie6FR6WkIAVHGG', NULL, NULL, NULL, NULL, NULL, NULL, 1, 0, '2022-12-19 15:02:58', '2022-12-19 15:02:58', NULL),
(10230, 'elmalailasari89@gmail.com', 'elma8989', 'Elma Lailasari', '1980-02-03', '683009384025', 'elma8989', 'Indonesia', 'Cibubur', 'default.png', '$2y$10$ZgbReWD18hilduLXuPN9DexZ3VHWd1fiIS0oaEsie6FR6WkIAVHGG', NULL, NULL, NULL, NULL, NULL, NULL, 1, 0, '2022-12-19 15:02:58', '2022-12-19 15:02:58', NULL),
(10231, 'calistatuti@gmail.com', 'calistahastuti', 'Calista Hastuti', '1980-02-03', '683009384025', 'calistahastuti', 'Indonesia', 'Bogor', 'default.png', '$2y$10$ZgbReWD18hilduLXuPN9DexZ3VHWd1fiIS0oaEsie6FR6WkIAVHGG', NULL, NULL, NULL, NULL, NULL, NULL, 1, 0, '2022-12-19 15:02:58', '2022-12-19 15:02:58', NULL),
(10232, 'vickyyuniar55@gmail.com', 'vicky_yuniar', 'Vicky Yuniar', '1980-02-03', '683009384025', 'vicky_yuniar', 'Indonesia', 'Bandung', 'default.png', '$2y$10$ZgbReWD18hilduLXuPN9DexZ3VHWd1fiIS0oaEsie6FR6WkIAVHGG', NULL, NULL, NULL, NULL, NULL, NULL, 1, 0, '2022-12-19 15:02:58', '2022-12-19 15:02:58', NULL),
(10233, 'wahyunivicky@gmail.com', 'wahyunivicky', 'Vicky Wahyuni', '1998-07-15', '68323464025', 'wahyunivicky', 'Indonesia', 'Solo', 'default.png', '$2y$10$ZgbReWD18hilduLXuPN9DexZ3VHWd1fiIS0oaEsie6FR6WkIAVHGG', NULL, NULL, NULL, NULL, NULL, NULL, 1, 0, '2022-12-19 15:02:58', '2022-12-19 15:02:58', NULL),
(10234, 'maimunahutamiii@gmail.com', 'maimunahutamiii', 'Maimunah Utami', '2001-07-16', '627900369752', 'maimunahutamiii', 'Indonesia', 'Depok', 'default.png', '$2y$10$ZgbReWD18hilduLXuPN9DexZ3VHWd1fiIS0oaEsie6FR6WkIAVHGG', NULL, NULL, NULL, NULL, NULL, NULL, 1, 0, '2022-12-19 15:02:58', '2022-12-19 15:02:58', NULL),
(10235, 'bagiyamandala41@gmail.com', 'bagiyamandala41', 'Bagiya Mandala', '1980-02-03', '683009384025', 'bagiya41', 'Indonesia', 'Depok', 'default.png', '$2y$10$ZgbReWD18hilduLXuPN9DexZ3VHWd1fiIS0oaEsie6FR6WkIAVHGG', NULL, NULL, NULL, NULL, NULL, NULL, 1, 0, '2022-12-19 15:02:58', '2022-12-19 15:02:58', NULL),
(10236, 'gaduhfirgantoroo1@gmail.com', 'firganotoro1', 'Gaduh Firgantoro', '1980-02-03', '683009384025', 'firganotoro1', 'Indonesia', 'Ngawi', 'default.png', '$2y$10$ZgbReWD18hilduLXuPN9DexZ3VHWd1fiIS0oaEsie6FR6WkIAVHGG', NULL, NULL, NULL, NULL, NULL, NULL, 1, 0, '2022-12-19 15:02:58', '2022-12-19 15:02:58', NULL),
(10237, 'parmansaefulll@gmail.com', 'saful_parman', 'Parman Saefullah', '1980-02-03', '683009384025', 'saful_parman', 'Indonesia', 'Solo', 'default.png', '$2y$10$ZgbReWD18hilduLXuPN9DexZ3VHWd1fiIS0oaEsie6FR6WkIAVHGG', NULL, NULL, NULL, NULL, NULL, NULL, 1, 0, '2022-12-19 15:02:58', '2022-12-19 15:02:58', NULL),
(10238, 'umarmaryadi@gmail.com', 'umarmaryadi', 'Umar Maryadi', '1998-07-15', '68323464025', 'umarmaryadi', 'Indonesia', 'Aceh', 'default.png', '$2y$10$ZgbReWD18hilduLXuPN9DexZ3VHWd1fiIS0oaEsie6FR6WkIAVHGG', NULL, NULL, NULL, NULL, NULL, NULL, 1, 0, '2022-12-19 15:02:58', '2022-12-19 15:02:58', NULL),
(10239, 'nadinenuryanti777@gmail.com', 'ndnnuryanti', 'Nadine Nuryanti', '2001-07-16', '627900369752', 'ndnnuryanti', 'Indonesia', 'Kendal', 'default.png', '$2y$10$ZgbReWD18hilduLXuPN9DexZ3VHWd1fiIS0oaEsie6FR6WkIAVHGG', NULL, NULL, NULL, NULL, NULL, NULL, 1, 0, '2022-12-19 15:02:58', '2022-12-19 15:02:58', NULL),
(10240, 'laila_nuraini@gmail.com', 'laila_nuraini', 'Laila Nuraini', '1980-02-03', '683009384025', 'laila_nuraini', 'Indonesia', 'Tangerang', 'default.png', '$2y$10$ZgbReWD18hilduLXuPN9DexZ3VHWd1fiIS0oaEsie6FR6WkIAVHGG', NULL, NULL, NULL, NULL, NULL, NULL, 1, 0, '2022-12-19 15:02:58', '2022-12-19 15:02:58', NULL),
(10241, 'kasiranrajasa@gmail.com', 'kasiran9000', 'Kasiran Rajasa', '1980-02-03', '683009384025', 'kasiran9000', 'Indonesia', 'Batu', 'default.png', '$2y$10$ZgbReWD18hilduLXuPN9DexZ3VHWd1fiIS0oaEsie6FR6WkIAVHGG', NULL, NULL, NULL, NULL, NULL, NULL, 1, 0, '2022-12-19 15:02:58', '2022-12-19 15:02:58', NULL),
(10242, 'latifmansur78@gmail.com', 'latifmansur78', 'Latif Mansur', '1980-02-03', '683009384025', 'latifmansur78', 'Indonesia', 'Bogor', 'default.png', '$2y$10$ZgbReWD18hilduLXuPN9DexZ3VHWd1fiIS0oaEsie6FR6WkIAVHGG', NULL, NULL, NULL, NULL, NULL, NULL, 1, 0, '2022-12-19 15:02:58', '2022-12-19 15:02:58', NULL),
(10243, 'karimanardianto@gmail.com', 'karimardian78', 'Kariman Ardianto', '1998-07-15', '68323464025', 'karimardian78', 'Indonesia', 'Depok', 'default.png', '$2y$10$ZgbReWD18hilduLXuPN9DexZ3VHWd1fiIS0oaEsie6FR6WkIAVHGG', NULL, NULL, NULL, NULL, NULL, NULL, 1, 0, '2022-12-19 15:02:58', '2022-12-19 15:02:58', NULL),
(10244, 'janepurwanti@gmail.com', 'janepurwanti', 'Jane Purwanti', '2001-07-16', '627900369752', 'janepurwanti', 'Indonesia', 'Jakarta', 'default.png', '$2y$10$ZgbReWD18hilduLXuPN9DexZ3VHWd1fiIS0oaEsie6FR6WkIAVHGG', NULL, NULL, NULL, NULL, NULL, NULL, 1, 0, '2022-12-19 15:02:58', '2022-12-19 15:02:58', NULL),
(10245, 'azalea_hariyah@gmail.com', 'azalea_hariyah', 'Azalea Hariyah', '1980-02-03', '683009384025', 'azalea_hariyah', 'Indonesia', 'Jakarta', 'default.png', '$2y$10$ZgbReWD18hilduLXuPN9DexZ3VHWd1fiIS0oaEsie6FR6WkIAVHGG', NULL, NULL, NULL, NULL, NULL, NULL, 1, 0, '2022-12-19 15:02:58', '2022-12-19 15:02:58', NULL),
(10246, 'carlaoktaviani089@gmail.com', 'carlaoktaviani089', 'Carla Oktaviani', '1980-02-03', '683009384025', 'oktaviani089', 'Indonesia', 'Semarang', 'default.png', '$2y$10$ZgbReWD18hilduLXuPN9DexZ3VHWd1fiIS0oaEsie6FR6WkIAVHGG', NULL, NULL, NULL, NULL, NULL, NULL, 1, 0, '2022-12-19 15:02:58', '2022-12-19 15:02:58', NULL),
(10247, 'hardimaryadi88@gmail.com', 'hardimaryadi88', 'Hardi Maryadi', '1980-02-03', '683009384025', 'hardi_maryadi', 'Indonesia', 'Solo', 'default.png', '$2y$10$ZgbReWD18hilduLXuPN9DexZ3VHWd1fiIS0oaEsie6FR6WkIAVHGG', NULL, NULL, NULL, NULL, NULL, NULL, 1, 0, '2022-12-19 15:02:58', '2022-12-19 15:02:58', NULL),
(10248, 'victoriasuartiniii@gmail.com', 'victoriasuartiniii', 'Victoria Suartini', '1998-07-15', '68323464025', 'victoriasu0', 'Indonesia', 'Surabaya', 'default.png', '$2y$10$ZgbReWD18hilduLXuPN9DexZ3VHWd1fiIS0oaEsie6FR6WkIAVHGG', NULL, NULL, NULL, NULL, NULL, NULL, 1, 0, '2022-12-19 15:02:58', '2022-12-19 15:02:58', NULL),
(10249, 'palastritira@gmail.com', 'tira_palastri', 'Tira Palastri', '2001-07-16', '627900369752', 'tira_palastri', 'Indonesia', 'Kebumen', 'default.png', '$2y$10$ZgbReWD18hilduLXuPN9DexZ3VHWd1fiIS0oaEsie6FR6WkIAVHGG', NULL, NULL, NULL, NULL, NULL, NULL, 1, 0, '2022-12-19 15:02:58', '2022-12-19 15:02:58', NULL),
(10250, 'rezaprayoga12@gmail.com', 'prayogareza', 'Reza Prayoga', '1980-02-03', '683009384025', 'prayogareza', 'Indonesia', 'Bandung', 'default.png', '$2y$10$ZgbReWD18hilduLXuPN9DexZ3VHWd1fiIS0oaEsie6FR6WkIAVHGG', NULL, NULL, NULL, NULL, NULL, NULL, 1, 0, '2022-12-19 15:02:58', '2022-12-19 15:02:58', NULL),
(10251, 'cahyonokurniawan@gmail.com', 'cahyono_kurniawan', 'Cahyono Kurniawan', '1980-02-03', '683009384025', 'cahyono_kurniawan', 'Indonesia', 'Tangerang', 'default.png', '$2y$10$ZgbReWD18hilduLXuPN9DexZ3VHWd1fiIS0oaEsie6FR6WkIAVHGG', NULL, NULL, NULL, NULL, NULL, NULL, 1, 0, '2022-12-19 15:02:58', '2022-12-19 15:02:58', NULL),
(10252, 'iaansaefullah@gmail.com', 'iaansaeful99', 'Ian Saefullah', '1980-02-03', '683009384025', 'iaansaeful99', 'Indonesia', 'Depok', 'default.png', '$2y$10$ZgbReWD18hilduLXuPN9DexZ3VHWd1fiIS0oaEsie6FR6WkIAVHGG', NULL, NULL, NULL, NULL, NULL, NULL, 1, 0, '2022-12-19 15:02:58', '2022-12-19 15:02:58', NULL),
(10253, 'jamaliapurnawati@gmail.com', 'jammalia_99', 'Jamalia Purnawati', '1998-07-15', '68323464025', 'jammalia_99', 'Indonesia', 'Solo', 'default.png', '$2y$10$ZgbReWD18hilduLXuPN9DexZ3VHWd1fiIS0oaEsie6FR6WkIAVHGG', NULL, NULL, NULL, NULL, NULL, NULL, 1, 0, '2022-12-19 15:02:58', '2022-12-19 15:02:58', NULL),
(10254, 'gentahastutii@gmail.com', 'gentahastutii', 'Genta Hastuti', '2001-07-16', '627900369752', 'gentahastutii', 'Indonesia', 'Semarang', 'default.png', '$2y$10$ZgbReWD18hilduLXuPN9DexZ3VHWd1fiIS0oaEsie6FR6WkIAVHGG', NULL, NULL, NULL, NULL, NULL, NULL, 1, 0, '2022-12-19 15:02:58', '2022-12-19 15:02:58', NULL),
(10255, 'mariadiramadann@gmail.com', 'mariadiramadann', 'Mariadi Ramadan', '1980-02-03', '683009384025', 'mariadiramadann', 'Indonesia', 'Malang', 'default.png', '$2y$10$ZgbReWD18hilduLXuPN9DexZ3VHWd1fiIS0oaEsie6FR6WkIAVHGG', NULL, NULL, NULL, NULL, NULL, NULL, 1, 0, '2022-12-19 15:02:58', '2022-12-19 15:02:58', NULL),
(10256, 'karmafirmansyah@gmail.com', 'firmansyahhh', 'Karma Firmansyah', '1980-02-03', '683009384025', 'firmansyahhh', 'Indonesia', 'Purwokerto', 'default.png', '$2y$10$ZgbReWD18hilduLXuPN9DexZ3VHWd1fiIS0oaEsie6FR6WkIAVHGG', NULL, NULL, NULL, NULL, NULL, NULL, 1, 0, '2022-12-19 15:02:58', '2022-12-19 15:02:58', NULL),
(10257, 'yulianahasanah11@gmail.com', 'yuliana_hasanah', 'Yuliana Hasanah', '1980-02-03', '683009384025', 'yuliana_hasanah', 'Indonesia', 'Solo', 'default.png', '$2y$10$ZgbReWD18hilduLXuPN9DexZ3VHWd1fiIS0oaEsie6FR6WkIAVHGG', NULL, NULL, NULL, NULL, NULL, NULL, 1, 0, '2022-12-19 15:02:58', '2022-12-19 15:02:58', NULL),
(10258, 'tirahariyah001@gmail.com', 'tirahariyah001', 'Tira Hariyah', '1998-07-15', '68323464025', 'tirahariyah001', 'Indonesia', 'Bekasi', 'default.png', '$2y$10$ZgbReWD18hilduLXuPN9DexZ3VHWd1fiIS0oaEsie6FR6WkIAVHGG', NULL, NULL, NULL, NULL, NULL, NULL, 1, 0, '2022-12-19 15:02:58', '2022-12-19 15:02:58', NULL),
(10259, 'koko_napitupulu@gmail.com', 'koko_napitupulu', 'Koko Napitupulu', '2001-07-16', '627900369752', 'koko_napitupulu', 'Indonesia', 'Kendal', 'default.png', '$2y$10$ZgbReWD18hilduLXuPN9DexZ3VHWd1fiIS0oaEsie6FR6WkIAVHGG', NULL, NULL, NULL, NULL, NULL, NULL, 1, 0, '2022-12-19 15:02:58', '2022-12-19 15:02:58', NULL),
(10260, 'eva_suartini12@gmail.com', 'eva_suartini12', 'Eva Suartini', '1980-02-03', '683009384025', 'eva_suartini12', 'Indonesia', 'Surakarta', 'default.png', '$2y$10$ZgbReWD18hilduLXuPN9DexZ3VHWd1fiIS0oaEsie6FR6WkIAVHGG', NULL, NULL, NULL, NULL, NULL, NULL, 1, 0, '2022-12-19 15:02:58', '2022-12-19 15:02:58', NULL),
(10261, 'paimanwibowo1@gmail.com', 'paimanwibowo1', 'Paiman Wibowo', '1980-02-03', '683009384025', 'paimanwibowo1', 'Indonesia', 'Depok', 'default.png', '$2y$10$ZgbReWD18hilduLXuPN9DexZ3VHWd1fiIS0oaEsie6FR6WkIAVHGG', NULL, NULL, NULL, NULL, NULL, NULL, 1, 0, '2022-12-19 15:02:58', '2022-12-19 15:02:58', NULL),
(10262, 'mustofasamosir@gmail.com', 'samosirmustofa', 'Mustofa Samosir', '1980-02-03', '683009384025', 'samosirmustofa', 'Indonesia', 'Padang', 'default.png', '$2y$10$ZgbReWD18hilduLXuPN9DexZ3VHWd1fiIS0oaEsie6FR6WkIAVHGG', NULL, NULL, NULL, NULL, NULL, NULL, 1, 0, '2022-12-19 15:02:58', '2022-12-19 15:02:58', NULL),
(10263, 'jelita_hasanahh@gmail.com', 'jelita_hasanahh', 'Jelitas Hasanah', '1998-07-15', '68323464025', 'jelita_hasanahh', 'Indonesia', 'Kudus', 'default.png', '$2y$10$ZgbReWD18hilduLXuPN9DexZ3VHWd1fiIS0oaEsie6FR6WkIAVHGG', NULL, NULL, NULL, NULL, NULL, NULL, 1, 0, '2022-12-19 15:02:58', '2022-12-19 15:02:58', NULL),
(10264, 'tariandrianii5@gmail.com', 'aandrianii55', 'Tari Andriani', '2001-07-16', '627900369752', 'aandrianii55', 'Indonesia', 'Klaten', 'default.png', '$2y$10$ZgbReWD18hilduLXuPN9DexZ3VHWd1fiIS0oaEsie6FR6WkIAVHGG', NULL, NULL, NULL, NULL, NULL, NULL, 1, 0, '2022-12-19 15:02:58', '2022-12-19 15:02:58', NULL),
(10265, 'olganugroh00@gmail.com', 'olganugroh00', 'Olga Nugroho', '1980-02-03', '683009384025', 'olganugroh00', 'Indonesia', 'Batu', 'default.png', '$2y$10$ZgbReWD18hilduLXuPN9DexZ3VHWd1fiIS0oaEsie6FR6WkIAVHGG', NULL, NULL, NULL, NULL, NULL, NULL, 1, 0, '2022-12-19 15:02:58', '2022-12-19 15:02:58', NULL),
(10266, 'eva_yuliantiiii@gmail.com', 'eva_yuliantiiii', 'Eva Yulianti', '1980-02-03', '683009384025', 'eva_yuliantiiii', 'Indonesia', 'Yogyakarta', 'default.png', '$2y$10$ZgbReWD18hilduLXuPN9DexZ3VHWd1fiIS0oaEsie6FR6WkIAVHGG', NULL, NULL, NULL, NULL, NULL, NULL, 1, 0, '2022-12-19 15:02:58', '2022-12-19 15:02:58', NULL),
(10267, 'keishastuti@gmail.com', 'keishastuti', 'Keisha Astuti', '1980-02-03', '683009384025', 'keishastuti', 'Indonesia', 'Solo', 'default.png', '$2y$10$ZgbReWD18hilduLXuPN9DexZ3VHWd1fiIS0oaEsie6FR6WkIAVHGG', NULL, NULL, NULL, NULL, NULL, NULL, 1, 0, '2022-12-19 15:02:58', '2022-12-19 15:02:58', NULL),
(10268, 'asmadimarbun77@gmail.com', 'marbun77', 'Asmadi Marbun', '1998-07-15', '68323464025', 'marbun77', 'Indonesia', 'Depok', 'default.png', '$2y$10$ZgbReWD18hilduLXuPN9DexZ3VHWd1fiIS0oaEsie6FR6WkIAVHGG', NULL, NULL, NULL, NULL, NULL, NULL, 1, 0, '2022-12-19 15:02:58', '2022-12-19 15:02:58', NULL),
(10269, 'sakurapertiw1@gmail.com', 'sakurapertiw1', 'Sakura Pertiwi', '2001-07-16', '627900369752', 'sakurapertiw1', 'Indonesia', 'Purwakarta', 'default.png', '$2y$10$ZgbReWD18hilduLXuPN9DexZ3VHWd1fiIS0oaEsie6FR6WkIAVHGG', NULL, NULL, NULL, NULL, NULL, NULL, 1, 0, '2022-12-19 15:02:58', '2022-12-19 15:02:58', NULL),
(10270, 'harjayatamba@gmail.com', 'harjayayaya', 'Harjaya Tamba', '1980-02-03', '683009384025', 'harjayayaya', 'Indonesia', 'Jakarta', 'default.png', '$2y$10$ZgbReWD18hilduLXuPN9DexZ3VHWd1fiIS0oaEsie6FR6WkIAVHGG', NULL, NULL, NULL, NULL, NULL, NULL, 1, 0, '2022-12-19 15:02:58', '2022-12-19 15:02:58', NULL);
INSERT INTO `users` (`id`, `email`, `username`, `fullname`, `birthday`, `phone_number`, `instagram`, `country`, `city`, `user_image`, `password_hash`, `reset_hash`, `reset_at`, `reset_expires`, `activate_hash`, `status`, `status_message`, `active`, `force_pass_reset`, `created_at`, `updated_at`, `deleted_at`) VALUES
(10271, 'utama_wahyudin@gmail.com', 'utama_wahyudin', 'Utama Wahyudin', '1980-02-03', '683009384025', 'utama_wahyudin', 'Indonesia', 'Bogor', 'default.png', '$2y$10$ZgbReWD18hilduLXuPN9DexZ3VHWd1fiIS0oaEsie6FR6WkIAVHGG', NULL, NULL, NULL, NULL, NULL, NULL, 1, 0, '2022-12-19 15:02:58', '2022-12-19 15:02:58', NULL),
(10272, 'septiastuti@gmail.com', 'septiastuti1', 'Septi Astuti', '1980-02-03', '683009384025', 'septi_astuti', 'Indonesia', 'Bandung', 'default.png', '$2y$10$ZgbReWD18hilduLXuPN9DexZ3VHWd1fiIS0oaEsie6FR6WkIAVHGG', NULL, NULL, NULL, NULL, NULL, NULL, 1, 0, '2022-12-19 15:02:58', '2022-12-19 15:02:58', NULL),
(10273, 'asirwandawidod00@gmail.com', 'wid0d0', 'Asirwanda Widodo', '1998-07-15', '68323464025', 'wid0d0', 'Indonesia', 'Sleman', 'default.png', '$2y$10$ZgbReWD18hilduLXuPN9DexZ3VHWd1fiIS0oaEsie6FR6WkIAVHGG', NULL, NULL, NULL, NULL, NULL, NULL, 1, 0, '2022-12-19 15:02:58', '2022-12-19 15:02:58', NULL),
(10274, 'gadingdabukke@gmail.com', 'dabukkegading', 'Gading Dabukke', '2001-07-16', '627900369752', 'dabukkegading', 'Indonesia', 'Jakarta', 'default.png', '$2y$10$ZgbReWD18hilduLXuPN9DexZ3VHWd1fiIS0oaEsie6FR6WkIAVHGG', NULL, NULL, NULL, NULL, NULL, NULL, 1, 0, '2022-12-19 15:02:58', '2022-12-19 15:02:58', NULL),
(10275, 'jatmiko_prayoga@gmail.com', 'jatmiko_prayoga', 'Jatmiko Prayoga', '1980-02-03', '683009384025', 'jatmiko_prayoga', 'Indonesia', 'Sragen', 'default.png', '$2y$10$ZgbReWD18hilduLXuPN9DexZ3VHWd1fiIS0oaEsie6FR6WkIAVHGG', NULL, NULL, NULL, NULL, NULL, NULL, 1, 0, '2022-12-19 15:02:58', '2022-12-19 15:02:58', NULL),
(10276, 'omanmandala@gmail.com', 'omanmandala', 'Oman Mandala', '1980-02-03', '683009384025', 'omanmandala', 'Indonesia', 'Ngawi', 'default.png', '$2y$10$ZgbReWD18hilduLXuPN9DexZ3VHWd1fiIS0oaEsie6FR6WkIAVHGG', NULL, NULL, NULL, NULL, NULL, NULL, 1, 0, '2022-12-19 15:02:58', '2022-12-19 15:02:58', NULL),
(10277, 'shakilanovitasariii@gmail.com', 'shakilavitaa', 'Shakila Novitasari', '1980-02-03', '683009384025', 'shakilavitaa', 'Indonesia', 'Yogyakarta', 'default.png', '$2y$10$ZgbReWD18hilduLXuPN9DexZ3VHWd1fiIS0oaEsie6FR6WkIAVHGG', NULL, NULL, NULL, NULL, NULL, NULL, 1, 0, '2022-12-19 15:02:58', '2022-12-19 15:02:58', NULL),
(10278, 'dedimegantara@gmail.com', 'dedimegan60', 'Dedi Megantara', '1998-07-15', '68323464025', 'dedimegan60', 'Indonesia', 'Aceh', 'default.png', '$2y$10$ZgbReWD18hilduLXuPN9DexZ3VHWd1fiIS0oaEsie6FR6WkIAVHGG', NULL, NULL, NULL, NULL, NULL, NULL, 1, 0, '2022-12-19 15:02:58', '2022-12-19 15:02:58', NULL),
(10279, 'arthurwibowo@gmail.com', 'arthur00', 'Arthur Wibowo', '2001-07-16', '627900369752', 'arthur00', 'Indonesia', 'Kediri', 'default.png', '$2y$10$ZgbReWD18hilduLXuPN9DexZ3VHWd1fiIS0oaEsie6FR6WkIAVHGG', NULL, NULL, NULL, NULL, NULL, NULL, 1, 0, '2022-12-19 15:02:58', '2022-12-19 15:02:58', NULL),
(10280, 'azmi_ulfania@gmail.com', 'azmi_ulfania', 'Azmi Ulfania', '1980-02-03', '683009384025', 'azmi_ulfania', 'Indonesia', 'Tangerang', 'default.png', '$2y$10$ZgbReWD18hilduLXuPN9DexZ3VHWd1fiIS0oaEsie6FR6WkIAVHGG', NULL, NULL, NULL, NULL, NULL, NULL, 1, 0, '2022-12-19 15:02:58', '2022-12-19 15:02:58', NULL),
(10281, 'mubarakataritaaa@gmail.com', 'artaritaaa', 'Mubarak Artarita', '1980-02-03', '683009384025', 'artaritaaa', 'Indonesia', 'Batu', 'default.png', '$2y$10$ZgbReWD18hilduLXuPN9DexZ3VHWd1fiIS0oaEsie6FR6WkIAVHGG', NULL, NULL, NULL, NULL, NULL, NULL, 1, 0, '2022-12-19 15:02:58', '2022-12-19 15:02:58', NULL),
(10282, 'asyrafikusuma90@gmail.com', 'kusuma901', 'Asyrafi Kusuma', '1980-02-03', '683009384025', 'kusuma901', 'Indonesia', 'Bekasi', 'default.png', '$2y$10$ZgbReWD18hilduLXuPN9DexZ3VHWd1fiIS0oaEsie6FR6WkIAVHGG', NULL, NULL, NULL, NULL, NULL, NULL, 1, 0, '2022-12-19 15:02:58', '2022-12-19 15:02:58', NULL),
(10283, 'ridhwanmawaldi@gmail.com', 'ridhwanmawaldi', 'Ridhwan Mawaldi', '1998-07-15', '68323464025', 'ridhwanmawaldi', 'Indonesia', 'Purbalingga', 'default.png', '$2y$10$ZgbReWD18hilduLXuPN9DexZ3VHWd1fiIS0oaEsie6FR6WkIAVHGG', NULL, NULL, NULL, NULL, NULL, NULL, 1, 0, '2022-12-19 15:02:58', '2022-12-19 15:02:58', NULL),
(10284, 'syaibatuldesiana@gmail.com', 'syaibatulll', 'Syaibatul Desiana', '2001-07-16', '627900369752', 'syaibatulll', 'Indonesia', 'Jember', 'default.png', '$2y$10$ZgbReWD18hilduLXuPN9DexZ3VHWd1fiIS0oaEsie6FR6WkIAVHGG', NULL, NULL, NULL, NULL, NULL, NULL, 1, 0, '2022-12-19 15:02:58', '2022-12-19 15:02:58', NULL),
(10285, 'adamsyafjulianti10@gmail.com', 'adam_10i', 'Adam Syafjulianti', '1980-02-03', '683009384025', 'adamsyaf10', 'Indonesia', 'Jakarta', 'default.png', '$2y$10$ZgbReWD18hilduLXuPN9DexZ3VHWd1fiIS0oaEsie6FR6WkIAVHGG', NULL, NULL, NULL, NULL, NULL, NULL, 1, 0, '2022-12-19 15:02:58', '2022-12-19 15:02:58', NULL),
(10286, 'derstyaqod90@gmail.com', 'derstyaa90', 'Derstya Qodriyah', '1980-02-03', '683009384025', 'derstyaa90', 'Indonesia', 'Semarang', 'default.png', '$2y$10$ZgbReWD18hilduLXuPN9DexZ3VHWd1fiIS0oaEsie6FR6WkIAVHGG', NULL, NULL, NULL, NULL, NULL, NULL, 1, 0, '2022-12-19 15:02:58', '2022-12-19 15:02:58', NULL),
(10287, 'fahlianwirawan@gmail.com', 'fahlianwirawan', 'Fahlian Wirawan', '1980-02-03', '683009384025', 'fahlianwirawan', 'Indonesia', 'Denpasar', 'default.png', '$2y$10$ZgbReWD18hilduLXuPN9DexZ3VHWd1fiIS0oaEsie6FR6WkIAVHGG', NULL, NULL, NULL, NULL, NULL, NULL, 1, 0, '2022-12-19 15:02:58', '2022-12-19 15:02:58', NULL),
(10288, 'sigit_faradillah@gmail.com', 'sigit_faradillah', 'Sigit Faradilah', '1998-07-15', '68323464025', 'sigit_faradillah', 'Indonesia', 'Surabaya', 'default.png', '$2y$10$ZgbReWD18hilduLXuPN9DexZ3VHWd1fiIS0oaEsie6FR6WkIAVHGG', NULL, NULL, NULL, NULL, NULL, NULL, 1, 0, '2022-12-19 15:02:58', '2022-12-19 15:02:58', NULL),
(10289, 'ogie_sinuka1@gmail.com', 'ogie_sinuka1', 'Ogie Sinuka', '2001-07-16', '627900369752', 'ogie_sinuka1', 'Indonesia', 'Kendal', 'default.png', '$2y$10$ZgbReWD18hilduLXuPN9DexZ3VHWd1fiIS0oaEsie6FR6WkIAVHGG', NULL, NULL, NULL, NULL, NULL, NULL, 1, 0, '2022-12-19 15:02:58', '2022-12-19 15:02:58', NULL),
(10290, 'givantio@gmail.com', 'givantio', 'Givan Tio', '1980-02-03', '683009384025', 'givantio', 'Indonesia', 'Bandung', 'default.png', '$2y$10$ZgbReWD18hilduLXuPN9DexZ3VHWd1fiIS0oaEsie6FR6WkIAVHGG', NULL, NULL, NULL, NULL, NULL, NULL, 1, 0, '2022-12-19 15:02:58', '2022-12-19 15:02:58', NULL),
(10291, 'aufaimania673@gmail.com', 'aufaimania673', 'Aufa Imania', '1980-02-03', '683009384025', 'aufaimania673', 'Indonesia', 'Cilacap', 'default.png', '$2y$10$ZgbReWD18hilduLXuPN9DexZ3VHWd1fiIS0oaEsie6FR6WkIAVHGG', NULL, NULL, NULL, NULL, NULL, NULL, 1, 0, '2022-12-19 15:02:58', '2022-12-19 15:02:58', NULL),
(10292, 'sutrisnonurahmadhita@gmail.com', 'sutrisnooo', 'Sutrisno Nurahmadhita', '1980-02-03', '683009384025', 'sutrisnooo', 'Indonesia', 'Pekalongan', 'default.png', '$2y$10$ZgbReWD18hilduLXuPN9DexZ3VHWd1fiIS0oaEsie6FR6WkIAVHGG', NULL, NULL, NULL, NULL, NULL, NULL, 1, 0, '2022-12-19 15:02:58', '2022-12-19 15:02:58', NULL),
(10293, 'irsannurfitriaa@gmail.com', 'irsannurfitriaa', 'Irsan Nurfitria', '1998-07-15', '68323464025', 'irsannurfitriaa', 'Indonesia', 'Solo', 'default.png', '$2y$10$ZgbReWD18hilduLXuPN9DexZ3VHWd1fiIS0oaEsie6FR6WkIAVHGG', NULL, NULL, NULL, NULL, NULL, NULL, 1, 0, '2022-12-19 15:02:58', '2022-12-19 15:02:58', NULL),
(10294, 'muhamadkahfii@gmail.com', 'm_kahfi1', 'Muhamad Kahfi', '2001-07-16', '627900369752', 'm_kahfi1', 'Indonesia', 'Semarang', 'default.png', '$2y$10$ZgbReWD18hilduLXuPN9DexZ3VHWd1fiIS0oaEsie6FR6WkIAVHGG', NULL, NULL, NULL, NULL, NULL, NULL, 1, 0, '2022-12-19 15:02:58', '2022-12-19 15:02:58', NULL),
(10295, 'rinogibran9283@gmail.com', 'gibran_893', 'Rinno Gibran', '1980-02-03', '683009384025', 'gibran_893', 'Indonesia', 'Klaten', 'default.png', '$2y$10$ZgbReWD18hilduLXuPN9DexZ3VHWd1fiIS0oaEsie6FR6WkIAVHGG', NULL, NULL, NULL, NULL, NULL, NULL, 1, 0, '2022-12-19 15:02:58', '2022-12-19 15:02:58', NULL),
(10296, 'abdurachmanmarvinaa@gmail.com', 'abdurachman01', 'Abdurachman Marvina', '1980-02-03', '683009384025', 'abdurachman01', 'Indonesia', 'Klaten', 'default.png', '$2y$10$ZgbReWD18hilduLXuPN9DexZ3VHWd1fiIS0oaEsie6FR6WkIAVHGG', NULL, NULL, NULL, NULL, NULL, NULL, 1, 0, '2022-12-19 15:02:58', '2022-12-19 15:02:58', NULL),
(10297, 'thomas_rahmasari@gmail.com', 'rahmasari_t', 'Thomas Rahmasari', '1980-02-03', '683009384025', 'rahmasari_t', 'Indonesia', 'Depok', 'default.png', '$2y$10$ZgbReWD18hilduLXuPN9DexZ3VHWd1fiIS0oaEsie6FR6WkIAVHGG', NULL, NULL, NULL, NULL, NULL, NULL, 1, 0, '2022-12-19 15:02:58', '2022-12-19 15:02:58', NULL),
(10298, 'andipurba899@gmail.com', 'andipurba', 'Andi Purba', '1998-07-15', '68323464025', 'andipurba_99', 'Indonesia', 'Bekasi', 'default.png', '$2y$10$ZgbReWD18hilduLXuPN9DexZ3VHWd1fiIS0oaEsie6FR6WkIAVHGG', NULL, NULL, NULL, NULL, NULL, NULL, 1, 0, '2022-12-19 15:02:58', '2022-12-19 15:02:58', NULL),
(10299, 'marvellasingera@gmail.com', 'marvellaa', 'Marvella Aksara Sinegar', '2001-07-16', '627900369752', 'marvellaa', 'Indonesia', 'Depok', 'default.png', '$2y$10$ZgbReWD18hilduLXuPN9DexZ3VHWd1fiIS0oaEsie6FR6WkIAVHGG', NULL, NULL, NULL, NULL, NULL, NULL, 1, 0, '2022-12-19 15:02:58', '2022-12-19 15:02:58', NULL),
(10300, 'rizky_ridanty34@gmail.com', 'rizky_ridanty34', 'Rizky Ridanty', '1980-02-03', '683009384025', 'rizky_ridanty34', 'Indonesia', 'Bandung', 'default.png', '$2y$10$ZgbReWD18hilduLXuPN9DexZ3VHWd1fiIS0oaEsie6FR6WkIAVHGG', NULL, NULL, NULL, NULL, NULL, NULL, 1, 0, '2022-12-19 15:02:58', '2022-12-19 15:02:58', NULL),
(10301, 'efrindamelindaaa@gmail.com', 'efridaaa19', 'Efrida Melinda', '1980-02-03', '683009384025', 'efridaaa19', 'Indonesia', 'Bogor', 'default.png', '$2y$10$ZgbReWD18hilduLXuPN9DexZ3VHWd1fiIS0oaEsie6FR6WkIAVHGG', NULL, NULL, NULL, NULL, NULL, NULL, 1, 0, '2022-12-19 15:02:58', '2022-12-19 15:02:58', NULL),
(10302, 'shabrinanovita@gmail.com', 'novita_sabrina', 'Shabrina Novita', '1980-02-03', '683009384025', 'novita_sabrina', 'Indonesia', 'Pekalongan', 'default.png', '$2y$10$ZgbReWD18hilduLXuPN9DexZ3VHWd1fiIS0oaEsie6FR6WkIAVHGG', NULL, NULL, NULL, NULL, NULL, NULL, 1, 0, '2022-12-19 15:02:58', '2022-12-19 15:02:58', NULL),
(10303, 'neva_pasha503@gmail.com', 'neva_pasha', 'Neva Pasha', '1998-07-15', '68323464025', 'neva_pasha', 'Indonesia', 'Depok', 'default.png', '$2y$10$ZgbReWD18hilduLXuPN9DexZ3VHWd1fiIS0oaEsie6FR6WkIAVHGG', NULL, NULL, NULL, NULL, NULL, NULL, 1, 0, '2022-12-19 15:02:58', '2022-12-19 15:02:58', NULL),
(10304, 'ovienovariefandi@gmail.com', 'ovienov_a', 'Ovienov Ariefandi', '2001-07-16', '627900369752', 'ovienov_a', 'Indonesia', 'Semarang', 'default.png', '$2y$10$ZgbReWD18hilduLXuPN9DexZ3VHWd1fiIS0oaEsie6FR6WkIAVHGG', NULL, NULL, NULL, NULL, NULL, NULL, 1, 0, '2022-12-19 15:02:58', '2022-12-19 15:02:58', NULL),
(10305, 'candrakasinenia89@gmail.com', 'siahaineniaa', 'Candrakasi Siahainenia', '1980-02-03', '683009384025', 'siahaineniaa', 'Indonesia', 'Klaten', 'default.png', '$2y$10$ZgbReWD18hilduLXuPN9DexZ3VHWd1fiIS0oaEsie6FR6WkIAVHGG', NULL, NULL, NULL, NULL, NULL, NULL, 1, 0, '2022-12-19 15:02:58', '2022-12-19 15:02:58', NULL),
(10306, 'priyanto_elza@gmail.com', 'priyanto_elza', 'Elza Priyanto', '1980-02-03', '683009384025', 'priyanto_elza', 'Indonesia', 'Bandung', 'default.png', '$2y$10$ZgbReWD18hilduLXuPN9DexZ3VHWd1fiIS0oaEsie6FR6WkIAVHGG', NULL, NULL, NULL, NULL, NULL, NULL, 1, 0, '2022-12-19 15:02:58', '2022-12-19 15:02:58', NULL),
(10307, 'aimeeprimastiny@gmail.com', 'aimeeprimastiny', 'Aimee Primastiny', '1980-02-03', '683009384025', 'aimeeprimastiny', 'Indonesia', 'Depok', 'default.png', '$2y$10$ZgbReWD18hilduLXuPN9DexZ3VHWd1fiIS0oaEsie6FR6WkIAVHGG', NULL, NULL, NULL, NULL, NULL, NULL, 1, 0, '2022-12-19 15:02:58', '2022-12-19 15:02:58', NULL),
(10308, 'hasna_saputra@gmail.com', 'hasna_saputra', 'Hasna Saputra', '1998-07-15', '68323464025', 'hasna_saputra', 'Indonesia', 'Bekasi', 'default.png', '$2y$10$ZgbReWD18hilduLXuPN9DexZ3VHWd1fiIS0oaEsie6FR6WkIAVHGG', NULL, NULL, NULL, NULL, NULL, NULL, 1, 0, '2022-12-19 15:02:58', '2022-12-19 15:02:58', NULL),
(10309, 'almiraahugrahhh@gmail.com', 'almiraahugrahhh', 'Almira Ahugrah', '2001-07-16', '627900369752', 'almiraahugrahhh', 'Indonesia', 'Depok', 'default.png', '$2y$10$ZgbReWD18hilduLXuPN9DexZ3VHWd1fiIS0oaEsie6FR6WkIAVHGG', NULL, NULL, NULL, NULL, NULL, NULL, 1, 0, '2022-12-19 15:02:58', '2022-12-19 15:02:58', NULL);

--
-- Indexes for dumped tables
--

--
-- Indexes for table `auth_activation_attempts`
--
ALTER TABLE `auth_activation_attempts`
  ADD PRIMARY KEY (`id`);

--
-- Indexes for table `auth_groups`
--
ALTER TABLE `auth_groups`
  ADD PRIMARY KEY (`id`);

--
-- Indexes for table `auth_groups_permissions`
--
ALTER TABLE `auth_groups_permissions`
  ADD KEY `auth_groups_permissions_permission_id_foreign` (`permission_id`),
  ADD KEY `group_id_permission_id` (`group_id`,`permission_id`);

--
-- Indexes for table `auth_groups_users`
--
ALTER TABLE `auth_groups_users`
  ADD KEY `auth_groups_users_user_id_foreign` (`user_id`),
  ADD KEY `group_id_user_id` (`group_id`,`user_id`);

--
-- Indexes for table `auth_logins`
--
ALTER TABLE `auth_logins`
  ADD PRIMARY KEY (`id`),
  ADD KEY `email` (`email`),
  ADD KEY `user_id` (`user_id`);

--
-- Indexes for table `auth_permissions`
--
ALTER TABLE `auth_permissions`
  ADD PRIMARY KEY (`id`);

--
-- Indexes for table `auth_reset_attempts`
--
ALTER TABLE `auth_reset_attempts`
  ADD PRIMARY KEY (`id`);

--
-- Indexes for table `auth_tokens`
--
ALTER TABLE `auth_tokens`
  ADD PRIMARY KEY (`id`),
  ADD KEY `auth_tokens_user_id_foreign` (`user_id`),
  ADD KEY `selector` (`selector`);

--
-- Indexes for table `auth_users_permissions`
--
ALTER TABLE `auth_users_permissions`
  ADD KEY `auth_users_permissions_permission_id_foreign` (`permission_id`),
  ADD KEY `user_id_permission_id` (`user_id`,`permission_id`);

--
-- Indexes for table `kategori`
--
ALTER TABLE `kategori`
  ADD PRIMARY KEY (`id_kategori`);

--
-- Indexes for table `keranjang`
--
ALTER TABLE `keranjang`
  ADD PRIMARY KEY (`id_keranjang`);

--
-- Indexes for table `migrations`
--
ALTER TABLE `migrations`
  ADD PRIMARY KEY (`id`);

--
-- Indexes for table `produk`
--
ALTER TABLE `produk`
  ADD PRIMARY KEY (`id_produk`);

--
-- Indexes for table `rating`
--
ALTER TABLE `rating`
  ADD PRIMARY KEY (`id_rating`);

--
-- Indexes for table `transaksi`
--
ALTER TABLE `transaksi`
  ADD PRIMARY KEY (`id_transaksi`);

--
-- Indexes for table `users`
--
ALTER TABLE `users`
  ADD PRIMARY KEY (`id`),
  ADD UNIQUE KEY `email` (`email`),
  ADD UNIQUE KEY `username` (`username`);

--
-- AUTO_INCREMENT for dumped tables
--

--
-- AUTO_INCREMENT for table `auth_activation_attempts`
--
ALTER TABLE `auth_activation_attempts`
  MODIFY `id` int(11) UNSIGNED NOT NULL AUTO_INCREMENT;

--
-- AUTO_INCREMENT for table `auth_groups`
--
ALTER TABLE `auth_groups`
  MODIFY `id` int(11) UNSIGNED NOT NULL AUTO_INCREMENT, AUTO_INCREMENT=3;

--
-- AUTO_INCREMENT for table `auth_logins`
--
ALTER TABLE `auth_logins`
  MODIFY `id` int(11) UNSIGNED NOT NULL AUTO_INCREMENT, AUTO_INCREMENT=42;

--
-- AUTO_INCREMENT for table `auth_permissions`
--
ALTER TABLE `auth_permissions`
  MODIFY `id` int(11) UNSIGNED NOT NULL AUTO_INCREMENT;

--
-- AUTO_INCREMENT for table `auth_reset_attempts`
--
ALTER TABLE `auth_reset_attempts`
  MODIFY `id` int(11) UNSIGNED NOT NULL AUTO_INCREMENT;

--
-- AUTO_INCREMENT for table `auth_tokens`
--
ALTER TABLE `auth_tokens`
  MODIFY `id` int(11) UNSIGNED NOT NULL AUTO_INCREMENT;

--
-- AUTO_INCREMENT for table `kategori`
--
ALTER TABLE `kategori`
  MODIFY `id_kategori` int(11) NOT NULL AUTO_INCREMENT, AUTO_INCREMENT=5;

--
-- AUTO_INCREMENT for table `keranjang`
--
ALTER TABLE `keranjang`
  MODIFY `id_keranjang` int(11) NOT NULL AUTO_INCREMENT, AUTO_INCREMENT=21;

--
-- AUTO_INCREMENT for table `migrations`
--
ALTER TABLE `migrations`
  MODIFY `id` bigint(20) UNSIGNED NOT NULL AUTO_INCREMENT, AUTO_INCREMENT=2;

--
-- AUTO_INCREMENT for table `produk`
--
ALTER TABLE `produk`
  MODIFY `id_produk` int(11) NOT NULL AUTO_INCREMENT, AUTO_INCREMENT=20119;

--
-- AUTO_INCREMENT for table `rating`
--
ALTER TABLE `rating`
  MODIFY `id_rating` int(11) NOT NULL AUTO_INCREMENT, AUTO_INCREMENT=30402;

--
-- AUTO_INCREMENT for table `transaksi`
--
ALTER TABLE `transaksi`
  MODIFY `id_transaksi` int(11) NOT NULL AUTO_INCREMENT, AUTO_INCREMENT=8500638;

--
-- AUTO_INCREMENT for table `users`
--
ALTER TABLE `users`
  MODIFY `id` int(11) UNSIGNED NOT NULL AUTO_INCREMENT, AUTO_INCREMENT=10310;

--
-- Constraints for dumped tables
--

--
-- Constraints for table `auth_groups_permissions`
--
ALTER TABLE `auth_groups_permissions`
  ADD CONSTRAINT `auth_groups_permissions_group_id_foreign` FOREIGN KEY (`group_id`) REFERENCES `auth_groups` (`id`) ON DELETE CASCADE,
  ADD CONSTRAINT `auth_groups_permissions_permission_id_foreign` FOREIGN KEY (`permission_id`) REFERENCES `auth_permissions` (`id`) ON DELETE CASCADE;

--
-- Constraints for table `auth_groups_users`
--
ALTER TABLE `auth_groups_users`
  ADD CONSTRAINT `auth_groups_users_group_id_foreign` FOREIGN KEY (`group_id`) REFERENCES `auth_groups` (`id`) ON DELETE CASCADE,
  ADD CONSTRAINT `auth_groups_users_user_id_foreign` FOREIGN KEY (`user_id`) REFERENCES `users` (`id`) ON DELETE CASCADE;

--
-- Constraints for table `auth_tokens`
--
ALTER TABLE `auth_tokens`
  ADD CONSTRAINT `auth_tokens_user_id_foreign` FOREIGN KEY (`user_id`) REFERENCES `users` (`id`) ON DELETE CASCADE;

--
-- Constraints for table `auth_users_permissions`
--
ALTER TABLE `auth_users_permissions`
  ADD CONSTRAINT `auth_users_permissions_permission_id_foreign` FOREIGN KEY (`permission_id`) REFERENCES `auth_permissions` (`id`) ON DELETE CASCADE,
  ADD CONSTRAINT `auth_users_permissions_user_id_foreign` FOREIGN KEY (`user_id`) REFERENCES `users` (`id`) ON DELETE CASCADE;
COMMIT;

/*!40101 SET CHARACTER_SET_CLIENT=@OLD_CHARACTER_SET_CLIENT */;
/*!40101 SET CHARACTER_SET_RESULTS=@OLD_CHARACTER_SET_RESULTS */;
/*!40101 SET COLLATION_CONNECTION=@OLD_COLLATION_CONNECTION */;
